{"v":"4.10.1","fr":30,"ip":0,"op":179,"w":1920,"h":684,"nm":"Search Engine Optimization","ddd":0,"assets":[{"id":"image_0","w":43,"h":48,"u":"images/","p":"img_0.png"},{"id":"image_1","w":53,"h":34,"u":"images/","p":"img_1.png"},{"id":"image_2","w":58,"h":79,"u":"images/","p":"img_2.png"},{"id":"image_3","w":58,"h":50,"u":"images/","p":"img_3.png"},{"id":"image_4","w":49,"h":43,"u":"images/","p":"img_4.png"},{"id":"image_5","w":29,"h":42,"u":"images/","p":"img_5.png"},{"id":"image_6","w":94,"h":84,"u":"images/","p":"img_6.png"},{"id":"image_7","w":43,"h":34,"u":"images/","p":"img_7.png"},{"id":"image_8","w":42,"h":46,"u":"images/","p":"img_8.png"},{"id":"image_9","w":68,"h":55,"u":"images/","p":"img_9.png"},{"id":"image_10","w":64,"h":47,"u":"images/","p":"img_10.png"},{"id":"image_11","w":51,"h":46,"u":"images/","p":"img_11.png"},{"id":"image_12","w":776,"h":780,"u":"images/","p":"img_12.png"},{"id":"image_13","w":776,"h":780,"u":"images/","p":"img_13.png"},{"id":"image_14","w":776,"h":780,"u":"images/","p":"img_14.png"},{"id":"image_15","w":776,"h":780,"u":"images/","p":"img_15.png"},{"id":"image_16","w":776,"h":780,"u":"images/","p":"img_16.png"},{"id":"image_17","w":776,"h":780,"u":"images/","p":"img_17.png"},{"id":"image_18","w":776,"h":780,"u":"images/","p":"img_18.png"},{"id":"image_19","w":776,"h":780,"u":"images/","p":"img_19.png"},{"id":"image_20","w":776,"h":780,"u":"images/","p":"img_20.png"},{"id":"image_21","w":776,"h":780,"u":"images/","p":"img_21.png"},{"id":"image_22","w":776,"h":780,"u":"images/","p":"img_22.png"},{"id":"image_23","w":776,"h":780,"u":"images/","p":"img_23.png"},{"id":"image_24","w":776,"h":780,"u":"images/","p":"img_24.png"},{"id":"image_25","w":776,"h":780,"u":"images/","p":"img_25.png"},{"id":"image_26","w":776,"h":780,"u":"images/","p":"img_26.png"},{"id":"image_27","w":776,"h":780,"u":"images/","p":"img_27.png"},{"id":"image_28","w":776,"h":780,"u":"images/","p":"img_28.png"},{"id":"image_29","w":776,"h":780,"u":"images/","p":"img_29.png"},{"id":"image_30","w":776,"h":780,"u":"images/","p":"img_30.png"},{"id":"image_31","w":776,"h":780,"u":"images/","p":"img_31.png"},{"id":"image_32","w":776,"h":780,"u":"images/","p":"img_32.png"},{"id":"image_33","w":776,"h":780,"u":"images/","p":"img_33.png"},{"id":"image_34","w":776,"h":780,"u":"images/","p":"img_34.png"},{"id":"image_35","w":776,"h":780,"u":"images/","p":"img_35.png"},{"id":"image_36","w":776,"h":780,"u":"images/","p":"img_36.png"},{"id":"image_37","w":776,"h":780,"u":"images/","p":"img_37.png"},{"id":"image_38","w":776,"h":780,"u":"images/","p":"img_38.png"},{"id":"image_39","w":776,"h":780,"u":"images/","p":"img_39.png"},{"id":"image_40","w":776,"h":780,"u":"images/","p":"img_40.png"},{"id":"image_41","w":776,"h":780,"u":"images/","p":"img_41.png"},{"id":"image_42","w":776,"h":780,"u":"images/","p":"img_42.png"},{"id":"image_43","w":776,"h":780,"u":"images/","p":"img_43.png"},{"id":"image_44","w":776,"h":780,"u":"images/","p":"img_44.png"},{"id":"image_45","w":776,"h":780,"u":"images/","p":"img_45.png"},{"id":"image_46","w":776,"h":780,"u":"images/","p":"img_46.png"},{"id":"image_47","w":776,"h":780,"u":"images/","p":"img_47.png"},{"id":"image_48","w":776,"h":780,"u":"images/","p":"img_48.png"},{"id":"image_49","w":776,"h":780,"u":"images/","p":"img_49.png"},{"id":"image_50","w":776,"h":780,"u":"images/","p":"img_50.png"},{"id":"image_51","w":776,"h":780,"u":"images/","p":"img_51.png"},{"id":"image_52","w":776,"h":780,"u":"images/","p":"img_52.png"},{"id":"image_53","w":776,"h":780,"u":"images/","p":"img_53.png"},{"id":"image_54","w":776,"h":780,"u":"images/","p":"img_54.png"},{"id":"image_55","w":776,"h":780,"u":"images/","p":"img_55.png"},{"id":"image_56","w":776,"h":780,"u":"images/","p":"img_56.png"},{"id":"image_57","w":776,"h":780,"u":"images/","p":"img_57.png"},{"id":"image_58","w":776,"h":780,"u":"images/","p":"img_58.png"},{"id":"image_59","w":776,"h":780,"u":"images/","p":"img_59.png"},{"id":"image_60","w":776,"h":780,"u":"images/","p":"img_60.png"},{"id":"image_61","w":776,"h":780,"u":"images/","p":"img_61.png"},{"id":"image_62","w":776,"h":780,"u":"images/","p":"img_62.png"},{"id":"image_63","w":776,"h":780,"u":"images/","p":"img_63.png"},{"id":"image_64","w":776,"h":780,"u":"images/","p":"img_64.png"},{"id":"image_65","w":776,"h":780,"u":"images/","p":"img_65.png"},{"id":"image_66","w":776,"h":780,"u":"images/","p":"img_66.png"},{"id":"image_67","w":776,"h":780,"u":"images/","p":"img_67.png"},{"id":"image_68","w":776,"h":780,"u":"images/","p":"img_68.png"},{"id":"image_69","w":776,"h":780,"u":"images/","p":"img_69.png"},{"id":"image_70","w":776,"h":780,"u":"images/","p":"img_70.png"},{"id":"image_71","w":776,"h":780,"u":"images/","p":"img_71.png"},{"id":"image_72","w":776,"h":780,"u":"images/","p":"img_72.png"},{"id":"comp_0","layers":[{"ddd":0,"ind":1,"ty":0,"nm":"folder","refId":"comp_1","sr":1,"ks":{"o":{"a":0,"k":100,"ix":11},"r":{"a":0,"k":0,"ix":10},"p":{"a":0,"k":[388,390,0],"ix":2},"a":{"a":0,"k":[388,390,0],"ix":1},"s":{"a":0,"k":[100,100,100],"ix":6}},"ao":0,"w":776,"h":780,"ip":0,"op":600,"st":0,"bm":0},{"ddd":0,"ind":2,"ty":0,"nm":"black circle","refId":"comp_2","sr":1,"ks":{"o":{"a":0,"k":100,"ix":11},"r":{"a":0,"k":0,"ix":10},"p":{"a":0,"k":[388,390,0],"ix":2},"a":{"a":0,"k":[388,390,0],"ix":1},"s":{"a":0,"k":[100,100,100],"ix":6}},"ao":0,"w":776,"h":780,"ip":70,"op":670,"st":70,"bm":0},{"ddd":0,"ind":3,"ty":0,"nm":"red dots","refId":"comp_3","sr":1,"ks":{"o":{"a":0,"k":100,"ix":11},"r":{"a":0,"k":0,"ix":10},"p":{"a":0,"k":[388,390,0],"ix":2},"a":{"a":0,"k":[388,390,0],"ix":1},"s":{"a":0,"k":[100,100,100],"ix":6}},"ao":0,"tm":{"a":1,"k":[{"i":{"x":[0.833],"y":[0.833]},"o":{"x":[0.167],"y":[0.167]},"n":["0p833_0p833_0p167_0p167"],"t":0,"s":[0],"e":[1.16]},{"i":{"x":[0.833],"y":[0.833]},"o":{"x":[0.167],"y":[0.167]},"n":["0p833_0p833_0p167_0p167"],"t":41,"s":[1.16],"e":[1.5]},{"i":{"x":[0.833],"y":[0.833]},"o":{"x":[0.167],"y":[0.167]},"n":["0p833_0p833_0p167_0p167"],"t":79,"s":[1.5],"e":[20]},{"t":600}],"ix":2},"w":776,"h":780,"ip":0,"op":600,"st":0,"bm":0},{"ddd":0,"ind":4,"ty":0,"nm":"Lines","refId":"comp_4","sr":1,"ks":{"o":{"a":0,"k":100,"ix":11},"r":{"a":0,"k":0,"ix":10},"p":{"a":0,"k":[388,390,0],"ix":2},"a":{"a":0,"k":[388,390,0],"ix":1},"s":{"a":0,"k":[100,100,100],"ix":6}},"ao":0,"tm":{"a":1,"k":[{"i":{"x":[0.833],"y":[0.833]},"o":{"x":[0.167],"y":[0.167]},"n":["0p833_0p833_0p167_0p167"],"t":0,"s":[0],"e":[2.467]},{"i":{"x":[0.833],"y":[0.833]},"o":{"x":[0.167],"y":[0.167]},"n":["0p833_0p833_0p167_0p167"],"t":101,"s":[2.467],"e":[20]},{"t":600}],"ix":2},"w":776,"h":780,"ip":0,"op":600,"st":0,"bm":0}]},{"id":"comp_1","layers":[{"ddd":0,"ind":1,"ty":2,"nm":"Asset 1xxxhdpi.png","cl":"png","refId":"image_0","sr":1,"ks":{"o":{"a":0,"k":100,"ix":11},"r":{"a":0,"k":0,"ix":10},"p":{"a":0,"k":[122,312.5,0],"ix":2},"a":{"a":0,"k":[21.5,24,0],"ix":1},"s":{"a":1,"k":[{"i":{"x":[0.61,0.61,0.61],"y":[1,1,1]},"o":{"x":[0.39,0.39,0.39],"y":[0,0,0]},"n":["0p61_1_0p39_0","0p61_1_0p39_0","0p61_1_0p39_0"],"t":138,"s":[0,0,100],"e":[63,63,100]},{"t":143}],"ix":6}},"ao":0,"ip":138,"op":738,"st":138,"bm":0},{"ddd":0,"ind":2,"ty":2,"nm":"Asset 2xxxhdpi.png","cl":"png","refId":"image_1","sr":1,"ks":{"o":{"a":0,"k":100,"ix":11},"r":{"a":0,"k":0,"ix":10},"p":{"a":0,"k":[595.5,369.5,0],"ix":2},"a":{"a":0,"k":[26.5,17,0],"ix":1},"s":{"a":1,"k":[{"i":{"x":[0.61,0.61,0.61],"y":[1,1,1]},"o":{"x":[0.39,0.39,0.39],"y":[0,0,0]},"n":["0p61_1_0p39_0","0p61_1_0p39_0","0p61_1_0p39_0"],"t":149,"s":[0,0,100],"e":[71,71,100]},{"t":155}],"ix":6}},"ao":0,"ip":149,"op":749,"st":149,"bm":0},{"ddd":0,"ind":3,"ty":2,"nm":"Asset 17xxxhdpi.png","cl":"png","refId":"image_2","sr":1,"ks":{"o":{"a":0,"k":100,"ix":11},"r":{"a":0,"k":0,"ix":10},"p":{"a":0,"k":[441.5,280.5,0],"ix":2},"a":{"a":0,"k":[29,39.5,0],"ix":1},"s":{"a":1,"k":[{"i":{"x":[0.61,0.61,0.61],"y":[1,1,1]},"o":{"x":[0.39,0.39,0.39],"y":[0,0,0]},"n":["0p61_1_0p39_0","0p61_1_0p39_0","0p61_1_0p39_0"],"t":158,"s":[0,0,100],"e":[43,43,100]},{"t":164}],"ix":6}},"ao":0,"ip":158,"op":758,"st":158,"bm":0},{"ddd":0,"ind":4,"ty":2,"nm":"Asset 4xxxhdpi.png","cl":"png","refId":"image_3","sr":1,"ks":{"o":{"a":0,"k":100,"ix":11},"r":{"a":0,"k":0,"ix":10},"p":{"a":0,"k":[526.5,636.5,0],"ix":2},"a":{"a":0,"k":[29,25,0],"ix":1},"s":{"a":1,"k":[{"i":{"x":[0.61,0.61,0.61],"y":[1,1,1]},"o":{"x":[0.39,0.39,0.39],"y":[0,0,0]},"n":["0p61_1_0p39_0","0p61_1_0p39_0","0p61_1_0p39_0"],"t":138,"s":[0,0,100],"e":[46,46,100]},{"t":143}],"ix":6}},"ao":0,"ip":138,"op":738,"st":138,"bm":0},{"ddd":0,"ind":5,"ty":2,"nm":"Asset 5xxxhdpi.png","cl":"png","refId":"image_4","sr":1,"ks":{"o":{"a":0,"k":100,"ix":11},"r":{"a":0,"k":0,"ix":10},"p":{"a":0,"k":[167,617,0],"ix":2},"a":{"a":0,"k":[24.5,21.5,0],"ix":1},"s":{"a":1,"k":[{"i":{"x":[0.61,0.61,0.61],"y":[1,1,1]},"o":{"x":[0.39,0.39,0.39],"y":[0,0,0]},"n":["0p61_1_0p39_0","0p61_1_0p39_0","0p61_1_0p39_0"],"t":148,"s":[0,0,100],"e":[63,63,100]},{"t":154}],"ix":6}},"ao":0,"ip":148,"op":748,"st":148,"bm":0},{"ddd":0,"ind":6,"ty":2,"nm":"Asset 6xxxhdpi.png","cl":"png","refId":"image_5","sr":1,"ks":{"o":{"a":0,"k":100,"ix":11},"r":{"a":0,"k":0,"ix":10},"p":{"a":0,"k":[85.25,468.75,0],"ix":2},"a":{"a":0,"k":[14.5,21,0],"ix":1},"s":{"a":1,"k":[{"i":{"x":[0.61,0.61,0.61],"y":[1,1,1]},"o":{"x":[0.39,0.39,0.39],"y":[0,0,0]},"n":["0p61_1_0p39_0","0p61_1_0p39_0","0p61_1_0p39_0"],"t":158,"s":[0,0,100],"e":[76,76,100]},{"t":164}],"ix":6}},"ao":0,"ip":158,"op":758,"st":158,"bm":0},{"ddd":0,"ind":7,"ty":2,"nm":"Asset 16xxxhdpi.png","cl":"png","refId":"image_6","sr":1,"ks":{"o":{"a":0,"k":100,"ix":11},"r":{"a":0,"k":0,"ix":10},"p":{"a":0,"k":[173.25,162.25,0],"ix":2},"a":{"a":0,"k":[47,42,0],"ix":1},"s":{"a":1,"k":[{"i":{"x":[0.61,0.61,0.61],"y":[1,1,1]},"o":{"x":[0.39,0.39,0.39],"y":[0,0,0]},"n":["0p61_1_0p39_0","0p61_1_0p39_0","0p61_1_0p39_0"],"t":151,"s":[0,0,100],"e":[39,39,100]},{"t":157}],"ix":6}},"ao":0,"ip":151,"op":751,"st":151,"bm":0},{"ddd":0,"ind":8,"ty":2,"nm":"Asset 8xxxhdpi.png","cl":"png","refId":"image_7","sr":1,"ks":{"o":{"a":0,"k":100,"ix":11},"r":{"a":0,"k":0,"ix":10},"p":{"a":0,"k":[382.5,116.25,0],"ix":2},"a":{"a":0,"k":[21.5,17,0],"ix":1},"s":{"a":1,"k":[{"i":{"x":[0.61,0.61,0.61],"y":[1,1,1]},"o":{"x":[0.39,0.39,0.39],"y":[0,0,0]},"n":["0p61_1_0p39_0","0p61_1_0p39_0","0p61_1_0p39_0"],"t":159,"s":[0,0,100],"e":[66,66,100]},{"t":164}],"ix":6}},"ao":0,"ip":159,"op":759,"st":159,"bm":0},{"ddd":0,"ind":9,"ty":2,"nm":"Asset 9xxxhdpi.png","cl":"png","refId":"image_8","sr":1,"ks":{"o":{"a":0,"k":100,"ix":11},"r":{"a":0,"k":0,"ix":10},"p":{"a":0,"k":[595.5,167.5,0],"ix":2},"a":{"a":0,"k":[21,23,0],"ix":1},"s":{"a":1,"k":[{"i":{"x":[0.61,0.61,0.61],"y":[1,1,1]},"o":{"x":[0.39,0.39,0.39],"y":[0,0,0]},"n":["0p61_1_0p39_0","0p61_1_0p39_0","0p61_1_0p39_0"],"t":147,"s":[0,0,100],"e":[57,57,100]},{"t":153}],"ix":6}},"ao":0,"ip":147,"op":747,"st":147,"bm":0},{"ddd":0,"ind":10,"ty":2,"nm":"Asset 11xxxhdpi.png","cl":"png","refId":"image_9","sr":1,"ks":{"o":{"a":0,"k":100,"ix":11},"r":{"a":0,"k":0,"ix":10},"p":{"a":0,"k":[689,460,0],"ix":2},"a":{"a":0,"k":[34,27.5,0],"ix":1},"s":{"a":1,"k":[{"i":{"x":[0.61,0.61,0.61],"y":[1,1,1]},"o":{"x":[0.39,0.39,0.39],"y":[0,0,0]},"n":["0p61_1_0p39_0","0p61_1_0p39_0","0p61_1_0p39_0"],"t":138,"s":[0,0,100],"e":[45,45,100]},{"t":144}],"ix":6}},"ao":0,"ip":138,"op":738,"st":138,"bm":0},{"ddd":0,"ind":11,"ty":2,"nm":"Asset 12xxxhdpi.png","cl":"png","refId":"image_10","sr":1,"ks":{"o":{"a":0,"k":100,"ix":11},"r":{"a":0,"k":0,"ix":10},"p":{"a":0,"k":[325.25,562.25,0],"ix":2},"a":{"a":0,"k":[32,23.5,0],"ix":1},"s":{"a":1,"k":[{"i":{"x":[0.61,0.61,0.61],"y":[1,1,1]},"o":{"x":[0.39,0.39,0.39],"y":[0,0,0]},"n":["0p61_1_0p39_0","0p61_1_0p39_0","0p61_1_0p39_0"],"t":154,"s":[0,0,100],"e":[46,46,100]},{"t":160}],"ix":6}},"ao":0,"ip":154,"op":754,"st":154,"bm":0},{"ddd":0,"ind":12,"ty":2,"nm":"Layer 79","refId":"image_11","sr":1,"ks":{"o":{"a":0,"k":100,"ix":11},"r":{"a":0,"k":0,"ix":10},"p":{"a":0,"k":[422,420,0],"ix":2},"a":{"a":0,"k":[27.472,25.005,0],"ix":1},"s":{"a":1,"k":[{"i":{"x":[0.61,0.61,0.61],"y":[1,1,1]},"o":{"x":[0.39,0.39,0.39],"y":[0,0,0]},"n":["0p61_1_0p39_0","0p61_1_0p39_0","0p61_1_0p39_0"],"t":123,"s":[0,0,100],"e":[100,100,100]},{"t":130}],"ix":6,"x":"var $bm_rt;\nvar amp, freq, decay, n, t;\ntry {\n    amp = div(effect('Scale - Overshoot')('ADBE Slider Control-0001'), 2.5), freq = div(effect('Scale - Bounce')('ADBE Slider Control-0001'), 20), decay = div(effect('Scale - Friction')('ADBE Slider Control-0001'), 20), n = 0, 0 < numKeys && (n = nearestKey(time).index, key(n).time > time && n--), t = 0 === n ? 0 : time - key(n).time, $bm_rt = 0 < n ? (v = velocityAtTime(sub(key(n).time, div(thisComp.frameDuration, 10))), sum(value, div(mul(mul(div(v, 100), amp), Math.sin(mul(mul(mul(freq, t), 2), Math.PI))), Math.exp(mul(decay, t))))) : value;\n} catch (e$$4) {\n    $bm_rt = value = value;\n}"}},"ao":0,"ip":123,"op":723,"st":377,"bm":0}]},{"id":"comp_2","layers":[{"ddd":0,"ind":1,"ty":2,"nm":"Layer 80","refId":"image_12","sr":1,"ks":{"o":{"a":0,"k":100,"ix":11},"r":{"a":0,"k":0,"ix":10},"p":{"a":0,"k":[420,420,0],"ix":2},"a":{"a":0,"k":[420,420,0],"ix":1},"s":{"a":1,"k":[{"i":{"x":[0.66,0.66,0.66],"y":[1,1,1]},"o":{"x":[0.34,0.34,0.34],"y":[0,0,0]},"n":["0p66_1_0p34_0","0p66_1_0p34_0","0p66_1_0p34_0"],"t":32,"s":[0,0,100],"e":[100,100,100]},{"t":37}],"ix":6,"x":"var $bm_rt;\nvar amp, freq, decay, n, t;\ntry {\n    amp = div(effect('Scale - Overshoot')('ADBE Slider Control-0001'), 2.5), freq = div(effect('Scale - Bounce')('ADBE Slider Control-0001'), 20), decay = div(effect('Scale - Friction')('ADBE Slider Control-0001'), 20), n = 0, 0 < numKeys && (n = nearestKey(time).index, key(n).time > time && n--), t = 0 === n ? 0 : time - key(n).time, $bm_rt = 0 < n ? (v = velocityAtTime(sub(key(n).time, div(thisComp.frameDuration, 10))), sum(value, div(mul(mul(div(v, 100), amp), Math.sin(mul(mul(mul(freq, t), 2), Math.PI))), Math.exp(mul(decay, t))))) : value;\n} catch (e$$4) {\n    $bm_rt = value = value;\n}"}},"ao":0,"ef":[{"ty":5,"nm":"Scale - Overshoot","np":3,"mn":"ADBE Slider Control","ix":1,"en":1,"ef":[{"ty":0,"nm":"Slider","mn":"ADBE Slider Control-0001","ix":1,"v":{"a":0,"k":20,"ix":1,"x":"var $bm_rt;\n$bm_rt = clamp(value, 0, 100);"}}]},{"ty":5,"nm":"Scale - Friction","np":3,"mn":"ADBE Slider Control","ix":2,"en":1,"ef":[{"ty":0,"nm":"Slider","mn":"ADBE Slider Control-0001","ix":1,"v":{"a":0,"k":40,"ix":1,"x":"var $bm_rt;\n$bm_rt = clamp(value, 0, 100);"}}]}],"ip":0,"op":600,"st":0,"bm":0},{"ddd":0,"ind":2,"ty":2,"nm":"Layer 82","refId":"image_13","sr":1,"ks":{"o":{"a":0,"k":100,"ix":11},"r":{"a":0,"k":0,"ix":10},"p":{"a":0,"k":[686,462,0],"ix":2},"a":{"a":0,"k":[686,462,0],"ix":1},"s":{"a":1,"k":[{"i":{"x":[0.66,0.66,0.66],"y":[1,1,1]},"o":{"x":[0.34,0.34,0.34],"y":[0,0,0]},"n":["0p66_1_0p34_0","0p66_1_0p34_0","0p66_1_0p34_0"],"t":47,"s":[0,0,100],"e":[100,100,100]},{"t":52}],"ix":6,"x":"var $bm_rt;\nvar amp, freq, decay, n, t;\ntry {\n    amp = div(effect('Scale - Overshoot')('ADBE Slider Control-0001'), 2.5), freq = div(effect('Scale - Bounce')('ADBE Slider Control-0001'), 20), decay = div(effect('Scale - Friction')('ADBE Slider Control-0001'), 20), n = 0, 0 < numKeys && (n = nearestKey(time).index, key(n).time > time && n--), t = 0 === n ? 0 : time - key(n).time, $bm_rt = 0 < n ? (v = velocityAtTime(sub(key(n).time, div(thisComp.frameDuration, 10))), sum(value, div(mul(mul(div(v, 100), amp), Math.sin(mul(mul(mul(freq, t), 2), Math.PI))), Math.exp(mul(decay, t))))) : value;\n} catch (e$$4) {\n    $bm_rt = value = value;\n}"}},"ao":0,"ef":[{"ty":5,"nm":"Scale - Overshoot","np":3,"mn":"ADBE Slider Control","ix":1,"en":1,"ef":[{"ty":0,"nm":"Slider","mn":"ADBE Slider Control-0001","ix":1,"v":{"a":0,"k":20,"ix":1,"x":"var $bm_rt;\n$bm_rt = clamp(value, 0, 100);"}}]},{"ty":5,"nm":"Scale - Friction","np":3,"mn":"ADBE Slider Control","ix":2,"en":1,"ef":[{"ty":0,"nm":"Slider","mn":"ADBE Slider Control-0001","ix":1,"v":{"a":0,"k":40,"ix":1,"x":"var $bm_rt;\n$bm_rt = clamp(value, 0, 100);"}}]}],"ip":0,"op":600,"st":0,"bm":0},{"ddd":0,"ind":3,"ty":2,"nm":"Layer 84","refId":"image_14","sr":1,"ks":{"o":{"a":0,"k":100,"ix":11},"r":{"a":0,"k":0,"ix":10},"p":{"a":0,"k":[594,370,0],"ix":2},"a":{"a":0,"k":[594,370,0],"ix":1},"s":{"a":1,"k":[{"i":{"x":[0.66,0.66,0.66],"y":[1,1,1]},"o":{"x":[0.34,0.34,0.34],"y":[0,0,0]},"n":["0p66_1_0p34_0","0p66_1_0p34_0","0p66_1_0p34_0"],"t":42,"s":[0,0,100],"e":[100,100,100]},{"t":47}],"ix":6,"x":"var $bm_rt;\nvar amp, freq, decay, n, t;\ntry {\n    amp = div(effect('Scale - Overshoot')('ADBE Slider Control-0001'), 2.5), freq = div(effect('Scale - Bounce')('ADBE Slider Control-0001'), 20), decay = div(effect('Scale - Friction')('ADBE Slider Control-0001'), 20), n = 0, 0 < numKeys && (n = nearestKey(time).index, key(n).time > time && n--), t = 0 === n ? 0 : time - key(n).time, $bm_rt = 0 < n ? (v = velocityAtTime(sub(key(n).time, div(thisComp.frameDuration, 10))), sum(value, div(mul(mul(div(v, 100), amp), Math.sin(mul(mul(mul(freq, t), 2), Math.PI))), Math.exp(mul(decay, t))))) : value;\n} catch (e$$4) {\n    $bm_rt = value = value;\n}"}},"ao":0,"ef":[{"ty":5,"nm":"Scale - Overshoot","np":3,"mn":"ADBE Slider Control","ix":1,"en":1,"ef":[{"ty":0,"nm":"Slider","mn":"ADBE Slider Control-0001","ix":1,"v":{"a":0,"k":20,"ix":1,"x":"var $bm_rt;\n$bm_rt = clamp(value, 0, 100);"}}]},{"ty":5,"nm":"Scale - Friction","np":3,"mn":"ADBE Slider Control","ix":2,"en":1,"ef":[{"ty":0,"nm":"Slider","mn":"ADBE Slider Control-0001","ix":1,"v":{"a":0,"k":40,"ix":1,"x":"var $bm_rt;\n$bm_rt = clamp(value, 0, 100);"}}]}],"ip":0,"op":600,"st":0,"bm":0},{"ddd":0,"ind":4,"ty":2,"nm":"Layer 86","refId":"image_15","sr":1,"ks":{"o":{"a":0,"k":100,"ix":11},"r":{"a":0,"k":0,"ix":10},"p":{"a":0,"k":[442,280,0],"ix":2},"a":{"a":0,"k":[442,280,0],"ix":1},"s":{"a":1,"k":[{"i":{"x":[0.66,0.66,0.66],"y":[1,1,1]},"o":{"x":[0.34,0.34,0.34],"y":[0,0,0]},"n":["0p66_1_0p34_0","0p66_1_0p34_0","0p66_1_0p34_0"],"t":37,"s":[0,0,100],"e":[100,100,100]},{"t":42}],"ix":6,"x":"var $bm_rt;\nvar amp, freq, decay, n, t;\ntry {\n    amp = div(effect('Scale - Overshoot')('ADBE Slider Control-0001'), 2.5), freq = div(effect('Scale - Bounce')('ADBE Slider Control-0001'), 20), decay = div(effect('Scale - Friction')('ADBE Slider Control-0001'), 20), n = 0, 0 < numKeys && (n = nearestKey(time).index, key(n).time > time && n--), t = 0 === n ? 0 : time - key(n).time, $bm_rt = 0 < n ? (v = velocityAtTime(sub(key(n).time, div(thisComp.frameDuration, 10))), sum(value, div(mul(mul(div(v, 100), amp), Math.sin(mul(mul(mul(freq, t), 2), Math.PI))), Math.exp(mul(decay, t))))) : value;\n} catch (e$$4) {\n    $bm_rt = value = value;\n}"}},"ao":0,"ef":[{"ty":5,"nm":"Scale - Overshoot","np":3,"mn":"ADBE Slider Control","ix":1,"en":1,"ef":[{"ty":0,"nm":"Slider","mn":"ADBE Slider Control-0001","ix":1,"v":{"a":0,"k":20,"ix":1,"x":"var $bm_rt;\n$bm_rt = clamp(value, 0, 100);"}}]},{"ty":5,"nm":"Scale - Friction","np":3,"mn":"ADBE Slider Control","ix":2,"en":1,"ef":[{"ty":0,"nm":"Slider","mn":"ADBE Slider Control-0001","ix":1,"v":{"a":0,"k":40,"ix":1,"x":"var $bm_rt;\n$bm_rt = clamp(value, 0, 100);"}}]}],"ip":0,"op":600,"st":0,"bm":0},{"ddd":0,"ind":5,"ty":2,"nm":"Layer 88","refId":"image_16","sr":1,"ks":{"o":{"a":0,"k":100,"ix":11},"r":{"a":0,"k":0,"ix":10},"p":{"a":0,"k":[524,636,0],"ix":2},"a":{"a":0,"k":[524,636,0],"ix":1},"s":{"a":1,"k":[{"i":{"x":[0.66,0.66,0.66],"y":[1,1,1]},"o":{"x":[0.34,0.34,0.34],"y":[0,0,0]},"n":["0p66_1_0p34_0","0p66_1_0p34_0","0p66_1_0p34_0"],"t":37,"s":[0,0,100],"e":[100,100,100]},{"t":42}],"ix":6,"x":"var $bm_rt;\nvar amp, freq, decay, n, t;\ntry {\n    amp = div(effect('Scale - Overshoot')('ADBE Slider Control-0001'), 2.5), freq = div(effect('Scale - Bounce')('ADBE Slider Control-0001'), 20), decay = div(effect('Scale - Friction')('ADBE Slider Control-0001'), 20), n = 0, 0 < numKeys && (n = nearestKey(time).index, key(n).time > time && n--), t = 0 === n ? 0 : time - key(n).time, $bm_rt = 0 < n ? (v = velocityAtTime(sub(key(n).time, div(thisComp.frameDuration, 10))), sum(value, div(mul(mul(div(v, 100), amp), Math.sin(mul(mul(mul(freq, t), 2), Math.PI))), Math.exp(mul(decay, t))))) : value;\n} catch (e$$4) {\n    $bm_rt = value = value;\n}"}},"ao":0,"ef":[{"ty":5,"nm":"Scale - Overshoot","np":3,"mn":"ADBE Slider Control","ix":1,"en":1,"ef":[{"ty":0,"nm":"Slider","mn":"ADBE Slider Control-0001","ix":1,"v":{"a":0,"k":20,"ix":1,"x":"var $bm_rt;\n$bm_rt = clamp(value, 0, 100);"}}]},{"ty":5,"nm":"Scale - Friction","np":3,"mn":"ADBE Slider Control","ix":2,"en":1,"ef":[{"ty":0,"nm":"Slider","mn":"ADBE Slider Control-0001","ix":1,"v":{"a":0,"k":40,"ix":1,"x":"var $bm_rt;\n$bm_rt = clamp(value, 0, 100);"}}]}],"ip":0,"op":600,"st":0,"bm":0},{"ddd":0,"ind":6,"ty":2,"nm":"Layer 90","refId":"image_17","sr":1,"ks":{"o":{"a":0,"k":100,"ix":11},"r":{"a":0,"k":0,"ix":10},"p":{"a":0,"k":[166,616,0],"ix":2},"a":{"a":0,"k":[166,616,0],"ix":1},"s":{"a":1,"k":[{"i":{"x":[0.66,0.66,0.66],"y":[1,1,1]},"o":{"x":[0.34,0.34,0.34],"y":[0,0,0]},"n":["0p66_1_0p34_0","0p66_1_0p34_0","0p66_1_0p34_0"],"t":42,"s":[0,0,100],"e":[100,100,100]},{"t":47}],"ix":6,"x":"var $bm_rt;\nvar amp, freq, decay, n, t;\ntry {\n    amp = div(effect('Scale - Overshoot')('ADBE Slider Control-0001'), 2.5), freq = div(effect('Scale - Bounce')('ADBE Slider Control-0001'), 20), decay = div(effect('Scale - Friction')('ADBE Slider Control-0001'), 20), n = 0, 0 < numKeys && (n = nearestKey(time).index, key(n).time > time && n--), t = 0 === n ? 0 : time - key(n).time, $bm_rt = 0 < n ? (v = velocityAtTime(sub(key(n).time, div(thisComp.frameDuration, 10))), sum(value, div(mul(mul(div(v, 100), amp), Math.sin(mul(mul(mul(freq, t), 2), Math.PI))), Math.exp(mul(decay, t))))) : value;\n} catch (e$$4) {\n    $bm_rt = value = value;\n}"}},"ao":0,"ef":[{"ty":5,"nm":"Scale - Overshoot","np":3,"mn":"ADBE Slider Control","ix":1,"en":1,"ef":[{"ty":0,"nm":"Slider","mn":"ADBE Slider Control-0001","ix":1,"v":{"a":0,"k":20,"ix":1,"x":"var $bm_rt;\n$bm_rt = clamp(value, 0, 100);"}}]},{"ty":5,"nm":"Scale - Friction","np":3,"mn":"ADBE Slider Control","ix":2,"en":1,"ef":[{"ty":0,"nm":"Slider","mn":"ADBE Slider Control-0001","ix":1,"v":{"a":0,"k":40,"ix":1,"x":"var $bm_rt;\n$bm_rt = clamp(value, 0, 100);"}}]}],"ip":0,"op":600,"st":0,"bm":0},{"ddd":0,"ind":7,"ty":2,"nm":"Layer 92","refId":"image_18","sr":1,"ks":{"o":{"a":0,"k":100,"ix":11},"r":{"a":0,"k":0,"ix":10},"p":{"a":0,"k":[86,468,0],"ix":2},"a":{"a":0,"k":[86,468,0],"ix":1},"s":{"a":1,"k":[{"i":{"x":[0.66,0.66,0.66],"y":[1,1,1]},"o":{"x":[0.34,0.34,0.34],"y":[0,0,0]},"n":["0p66_1_0p34_0","0p66_1_0p34_0","0p66_1_0p34_0"],"t":47,"s":[0,0,100],"e":[100,100,100]},{"t":52}],"ix":6,"x":"var $bm_rt;\nvar amp, freq, decay, n, t;\ntry {\n    amp = div(effect('Scale - Overshoot')('ADBE Slider Control-0001'), 2.5), freq = div(effect('Scale - Bounce')('ADBE Slider Control-0001'), 20), decay = div(effect('Scale - Friction')('ADBE Slider Control-0001'), 20), n = 0, 0 < numKeys && (n = nearestKey(time).index, key(n).time > time && n--), t = 0 === n ? 0 : time - key(n).time, $bm_rt = 0 < n ? (v = velocityAtTime(sub(key(n).time, div(thisComp.frameDuration, 10))), sum(value, div(mul(mul(div(v, 100), amp), Math.sin(mul(mul(mul(freq, t), 2), Math.PI))), Math.exp(mul(decay, t))))) : value;\n} catch (e$$4) {\n    $bm_rt = value = value;\n}"}},"ao":0,"ef":[{"ty":5,"nm":"Scale - Overshoot","np":3,"mn":"ADBE Slider Control","ix":1,"en":1,"ef":[{"ty":0,"nm":"Slider","mn":"ADBE Slider Control-0001","ix":1,"v":{"a":0,"k":20,"ix":1,"x":"var $bm_rt;\n$bm_rt = clamp(value, 0, 100);"}}]},{"ty":5,"nm":"Scale - Friction","np":3,"mn":"ADBE Slider Control","ix":2,"en":1,"ef":[{"ty":0,"nm":"Slider","mn":"ADBE Slider Control-0001","ix":1,"v":{"a":0,"k":40,"ix":1,"x":"var $bm_rt;\n$bm_rt = clamp(value, 0, 100);"}}]}],"ip":0,"op":600,"st":0,"bm":0},{"ddd":0,"ind":8,"ty":2,"nm":"Layer 94","refId":"image_19","sr":1,"ks":{"o":{"a":0,"k":100,"ix":11},"r":{"a":0,"k":0,"ix":10},"p":{"a":0,"k":[122,314,0],"ix":2},"a":{"a":0,"k":[122,314,0],"ix":1},"s":{"a":1,"k":[{"i":{"x":[0.66,0.66,0.66],"y":[1,1,1]},"o":{"x":[0.34,0.34,0.34],"y":[0,0,0]},"n":["0p66_1_0p34_0","0p66_1_0p34_0","0p66_1_0p34_0"],"t":40,"s":[0,0,100],"e":[100,100,100]},{"t":45}],"ix":6,"x":"var $bm_rt;\nvar amp, freq, decay, n, t;\ntry {\n    amp = div(effect('Scale - Overshoot')('ADBE Slider Control-0001'), 2.5), freq = div(effect('Scale - Bounce')('ADBE Slider Control-0001'), 20), decay = div(effect('Scale - Friction')('ADBE Slider Control-0001'), 20), n = 0, 0 < numKeys && (n = nearestKey(time).index, key(n).time > time && n--), t = 0 === n ? 0 : time - key(n).time, $bm_rt = 0 < n ? (v = velocityAtTime(sub(key(n).time, div(thisComp.frameDuration, 10))), sum(value, div(mul(mul(div(v, 100), amp), Math.sin(mul(mul(mul(freq, t), 2), Math.PI))), Math.exp(mul(decay, t))))) : value;\n} catch (e$$4) {\n    $bm_rt = value = value;\n}"}},"ao":0,"ef":[{"ty":5,"nm":"Scale - Overshoot","np":3,"mn":"ADBE Slider Control","ix":1,"en":1,"ef":[{"ty":0,"nm":"Slider","mn":"ADBE Slider Control-0001","ix":1,"v":{"a":0,"k":20,"ix":1,"x":"var $bm_rt;\n$bm_rt = clamp(value, 0, 100);"}}]},{"ty":5,"nm":"Scale - Friction","np":3,"mn":"ADBE Slider Control","ix":2,"en":1,"ef":[{"ty":0,"nm":"Slider","mn":"ADBE Slider Control-0001","ix":1,"v":{"a":0,"k":40,"ix":1,"x":"var $bm_rt;\n$bm_rt = clamp(value, 0, 100);"}}]}],"ip":0,"op":600,"st":0,"bm":0},{"ddd":0,"ind":9,"ty":2,"nm":"Layer 96","refId":"image_20","sr":1,"ks":{"o":{"a":0,"k":100,"ix":11},"r":{"a":0,"k":0,"ix":10},"p":{"a":0,"k":[170,166,0],"ix":2},"a":{"a":0,"k":[170,166,0],"ix":1},"s":{"a":1,"k":[{"i":{"x":[0.66,0.66,0.66],"y":[1,1,1]},"o":{"x":[0.34,0.34,0.34],"y":[0,0,0]},"n":["0p66_1_0p34_0","0p66_1_0p34_0","0p66_1_0p34_0"],"t":36,"s":[0,0,100],"e":[100,100,100]},{"t":41}],"ix":6,"x":"var $bm_rt;\nvar amp, freq, decay, n, t;\ntry {\n    amp = div(effect('Scale - Overshoot')('ADBE Slider Control-0001'), 2.5), freq = div(effect('Scale - Bounce')('ADBE Slider Control-0001'), 20), decay = div(effect('Scale - Friction')('ADBE Slider Control-0001'), 20), n = 0, 0 < numKeys && (n = nearestKey(time).index, key(n).time > time && n--), t = 0 === n ? 0 : time - key(n).time, $bm_rt = 0 < n ? (v = velocityAtTime(sub(key(n).time, div(thisComp.frameDuration, 10))), sum(value, div(mul(mul(div(v, 100), amp), Math.sin(mul(mul(mul(freq, t), 2), Math.PI))), Math.exp(mul(decay, t))))) : value;\n} catch (e$$4) {\n    $bm_rt = value = value;\n}"}},"ao":0,"ef":[{"ty":5,"nm":"Scale - Overshoot","np":3,"mn":"ADBE Slider Control","ix":1,"en":1,"ef":[{"ty":0,"nm":"Slider","mn":"ADBE Slider Control-0001","ix":1,"v":{"a":0,"k":20,"ix":1,"x":"var $bm_rt;\n$bm_rt = clamp(value, 0, 100);"}}]},{"ty":5,"nm":"Scale - Friction","np":3,"mn":"ADBE Slider Control","ix":2,"en":1,"ef":[{"ty":0,"nm":"Slider","mn":"ADBE Slider Control-0001","ix":1,"v":{"a":0,"k":40,"ix":1,"x":"var $bm_rt;\n$bm_rt = clamp(value, 0, 100);"}}]}],"ip":0,"op":600,"st":0,"bm":0},{"ddd":0,"ind":10,"ty":2,"nm":"Layer 98","refId":"image_21","sr":1,"ks":{"o":{"a":0,"k":100,"ix":11},"r":{"a":0,"k":0,"ix":10},"p":{"a":0,"k":[382,118,0],"ix":2},"a":{"a":0,"k":[382,118,0],"ix":1},"s":{"a":1,"k":[{"i":{"x":[0.66,0.66,0.66],"y":[1,1,1]},"o":{"x":[0.34,0.34,0.34],"y":[0,0,0]},"n":["0p66_1_0p34_0","0p66_1_0p34_0","0p66_1_0p34_0"],"t":42,"s":[0,0,100],"e":[100,100,100]},{"t":47}],"ix":6,"x":"var $bm_rt;\nvar amp, freq, decay, n, t;\ntry {\n    amp = div(effect('Scale - Overshoot')('ADBE Slider Control-0001'), 2.5), freq = div(effect('Scale - Bounce')('ADBE Slider Control-0001'), 20), decay = div(effect('Scale - Friction')('ADBE Slider Control-0001'), 20), n = 0, 0 < numKeys && (n = nearestKey(time).index, key(n).time > time && n--), t = 0 === n ? 0 : time - key(n).time, $bm_rt = 0 < n ? (v = velocityAtTime(sub(key(n).time, div(thisComp.frameDuration, 10))), sum(value, div(mul(mul(div(v, 100), amp), Math.sin(mul(mul(mul(freq, t), 2), Math.PI))), Math.exp(mul(decay, t))))) : value;\n} catch (e$$4) {\n    $bm_rt = value = value;\n}"}},"ao":0,"ef":[{"ty":5,"nm":"Scale - Overshoot","np":3,"mn":"ADBE Slider Control","ix":1,"en":1,"ef":[{"ty":0,"nm":"Slider","mn":"ADBE Slider Control-0001","ix":1,"v":{"a":0,"k":20,"ix":1,"x":"var $bm_rt;\n$bm_rt = clamp(value, 0, 100);"}}]},{"ty":5,"nm":"Scale - Friction","np":3,"mn":"ADBE Slider Control","ix":2,"en":1,"ef":[{"ty":0,"nm":"Slider","mn":"ADBE Slider Control-0001","ix":1,"v":{"a":0,"k":40,"ix":1,"x":"var $bm_rt;\n$bm_rt = clamp(value, 0, 100);"}}]}],"ip":0,"op":600,"st":0,"bm":0},{"ddd":0,"ind":11,"ty":2,"nm":"Layer 100","refId":"image_22","sr":1,"ks":{"o":{"a":0,"k":100,"ix":11},"r":{"a":0,"k":0,"ix":10},"p":{"a":0,"k":[596,168,0],"ix":2},"a":{"a":0,"k":[596,168,0],"ix":1},"s":{"a":1,"k":[{"i":{"x":[0.66,0.66,0.66],"y":[1,1,1]},"o":{"x":[0.34,0.34,0.34],"y":[0,0,0]},"n":["0p66_1_0p34_0","0p66_1_0p34_0","0p66_1_0p34_0"],"t":47,"s":[0,0,100],"e":[100,100,100]},{"t":52}],"ix":6,"x":"var $bm_rt;\nvar amp, freq, decay, n, t;\ntry {\n    amp = div(effect('Scale - Overshoot')('ADBE Slider Control-0001'), 2.5), freq = div(effect('Scale - Bounce')('ADBE Slider Control-0001'), 20), decay = div(effect('Scale - Friction')('ADBE Slider Control-0001'), 20), n = 0, 0 < numKeys && (n = nearestKey(time).index, key(n).time > time && n--), t = 0 === n ? 0 : time - key(n).time, $bm_rt = 0 < n ? (v = velocityAtTime(sub(key(n).time, div(thisComp.frameDuration, 10))), sum(value, div(mul(mul(div(v, 100), amp), Math.sin(mul(mul(mul(freq, t), 2), Math.PI))), Math.exp(mul(decay, t))))) : value;\n} catch (e$$4) {\n    $bm_rt = value = value;\n}"}},"ao":0,"ef":[{"ty":5,"nm":"Scale - Overshoot","np":3,"mn":"ADBE Slider Control","ix":1,"en":1,"ef":[{"ty":0,"nm":"Slider","mn":"ADBE Slider Control-0001","ix":1,"v":{"a":0,"k":20,"ix":1,"x":"var $bm_rt;\n$bm_rt = clamp(value, 0, 100);"}}]},{"ty":5,"nm":"Scale - Friction","np":3,"mn":"ADBE Slider Control","ix":2,"en":1,"ef":[{"ty":0,"nm":"Slider","mn":"ADBE Slider Control-0001","ix":1,"v":{"a":0,"k":40,"ix":1,"x":"var $bm_rt;\n$bm_rt = clamp(value, 0, 100);"}}]}],"ip":0,"op":600,"st":0,"bm":0},{"ddd":0,"ind":12,"ty":2,"nm":"Layer 102","refId":"image_23","sr":1,"ks":{"o":{"a":0,"k":100,"ix":11},"r":{"a":0,"k":0,"ix":10},"p":{"a":0,"k":[324,562,0],"ix":2},"a":{"a":0,"k":[324,562,0],"ix":1},"s":{"a":1,"k":[{"i":{"x":[0.66,0.66,0.66],"y":[1,1,1]},"o":{"x":[0.34,0.34,0.34],"y":[0,0,0]},"n":["0p66_1_0p34_0","0p66_1_0p34_0","0p66_1_0p34_0"],"t":37,"s":[0,0,100],"e":[100,100,100]},{"t":42}],"ix":6,"x":"var $bm_rt;\nvar amp, freq, decay, n, t;\ntry {\n    amp = div(effect('Scale - Overshoot')('ADBE Slider Control-0001'), 2.5), freq = div(effect('Scale - Bounce')('ADBE Slider Control-0001'), 20), decay = div(effect('Scale - Friction')('ADBE Slider Control-0001'), 20), n = 0, 0 < numKeys && (n = nearestKey(time).index, key(n).time > time && n--), t = 0 === n ? 0 : time - key(n).time, $bm_rt = 0 < n ? (v = velocityAtTime(sub(key(n).time, div(thisComp.frameDuration, 10))), sum(value, div(mul(mul(div(v, 100), amp), Math.sin(mul(mul(mul(freq, t), 2), Math.PI))), Math.exp(mul(decay, t))))) : value;\n} catch (e$$4) {\n    $bm_rt = value = value;\n}"}},"ao":0,"ef":[{"ty":5,"nm":"Scale - Overshoot","np":3,"mn":"ADBE Slider Control","ix":1,"en":1,"ef":[{"ty":0,"nm":"Slider","mn":"ADBE Slider Control-0001","ix":1,"v":{"a":0,"k":20,"ix":1,"x":"var $bm_rt;\n$bm_rt = clamp(value, 0, 100);"}}]},{"ty":5,"nm":"Scale - Friction","np":3,"mn":"ADBE Slider Control","ix":2,"en":1,"ef":[{"ty":0,"nm":"Slider","mn":"ADBE Slider Control-0001","ix":1,"v":{"a":0,"k":40,"ix":1,"x":"var $bm_rt;\n$bm_rt = clamp(value, 0, 100);"}}]}],"ip":0,"op":600,"st":0,"bm":0}]},{"id":"comp_3","layers":[{"ddd":0,"ind":1,"ty":2,"nm":"11","refId":"image_24","sr":1,"ks":{"o":{"a":0,"k":100,"ix":11},"r":{"a":0,"k":0,"ix":10},"p":{"a":0,"k":[600,164,0],"ix":2},"a":{"a":0,"k":[600,164,0],"ix":1},"s":{"a":1,"k":[{"i":{"x":[0.77,0.77,0.77],"y":[1,1,1]},"o":{"x":[0.23,0.23,0.23],"y":[0,0,0]},"n":["0p77_1_0p23_0","0p77_1_0p23_0","0p77_1_0p23_0"],"t":28,"s":[0,0,100],"e":[130,130,100]},{"t":31}],"ix":6}},"ao":0,"ip":0,"op":600,"st":0,"bm":0},{"ddd":0,"ind":2,"ty":2,"nm":"10","refId":"image_25","sr":1,"ks":{"o":{"a":0,"k":100,"ix":11},"r":{"a":0,"k":0,"ix":10},"p":{"a":0,"k":[690,312,0],"ix":2},"a":{"a":0,"k":[690,312,0],"ix":1},"s":{"a":1,"k":[{"i":{"x":[0.77,0.77,0.77],"y":[1,1,1]},"o":{"x":[0.23,0.23,0.23],"y":[0,0,0]},"n":["0p77_1_0p23_0","0p77_1_0p23_0","0p77_1_0p23_0"],"t":26,"s":[0,0,100],"e":[130,130,100]},{"t":29}],"ix":6}},"ao":0,"ip":0,"op":600,"st":0,"bm":0},{"ddd":0,"ind":3,"ty":2,"nm":"9","refId":"image_26","sr":1,"ks":{"o":{"a":0,"k":100,"ix":11},"r":{"a":0,"k":0,"ix":10},"p":{"a":0,"k":[686,460,0],"ix":2},"a":{"a":0,"k":[686,460,0],"ix":1},"s":{"a":1,"k":[{"i":{"x":[0.77,0.77,0.77],"y":[1,1,1]},"o":{"x":[0.23,0.23,0.23],"y":[0,0,0]},"n":["0p77_1_0p23_0","0p77_1_0p23_0","0p77_1_0p23_0"],"t":24,"s":[0,0,100],"e":[130,130,100]},{"t":27}],"ix":6}},"ao":0,"ip":0,"op":600,"st":0,"bm":0},{"ddd":0,"ind":4,"ty":2,"nm":"8","refId":"image_27","sr":1,"ks":{"o":{"a":0,"k":100,"ix":11},"r":{"a":0,"k":0,"ix":10},"p":{"a":0,"k":[600,616,0],"ix":2},"a":{"a":0,"k":[600,616,0],"ix":1},"s":{"a":1,"k":[{"i":{"x":[0.77,0.77,0.77],"y":[1,1,1]},"o":{"x":[0.23,0.23,0.23],"y":[0,0,0]},"n":["0p77_1_0p23_0","0p77_1_0p23_0","0p77_1_0p23_0"],"t":23,"s":[0,0,100],"e":[130,130,100]},{"t":26}],"ix":6}},"ao":0,"ip":0,"op":600,"st":0,"bm":0},{"ddd":0,"ind":5,"ty":2,"nm":"7","refId":"image_28","sr":1,"ks":{"o":{"a":0,"k":100,"ix":11},"r":{"a":0,"k":0,"ix":10},"p":{"a":0,"k":[380,670,0],"ix":2},"a":{"a":0,"k":[380,670,0],"ix":1},"s":{"a":1,"k":[{"i":{"x":[0.77,0.77,0.77],"y":[1,1,1]},"o":{"x":[0.23,0.23,0.23],"y":[0,0,0]},"n":["0p77_1_0p23_0","0p77_1_0p23_0","0p77_1_0p23_0"],"t":32,"s":[0,0,100],"e":[108,108,100]},{"t":35}],"ix":6}},"ao":0,"ip":0,"op":600,"st":0,"bm":0},{"ddd":0,"ind":6,"ty":2,"nm":"mele","refId":"image_29","sr":1,"ks":{"o":{"a":0,"k":100,"ix":11},"r":{"a":0,"k":0,"ix":10},"p":{"a":0,"k":[296,692,0],"ix":2},"a":{"a":0,"k":[296,692,0],"ix":1},"s":{"a":1,"k":[{"i":{"x":[0.77,0.77,0.77],"y":[1,1,1]},"o":{"x":[0.23,0.23,0.23],"y":[0,0,0]},"n":["0p77_1_0p23_0","0p77_1_0p23_0","0p77_1_0p23_0"],"t":21,"s":[0,0,100],"e":[175,175,100]},{"t":24}],"ix":6}},"ao":0,"ip":0,"op":600,"st":0,"bm":0},{"ddd":0,"ind":7,"ty":2,"nm":"mele1","refId":"image_30","sr":1,"ks":{"o":{"a":0,"k":100,"ix":11},"r":{"a":0,"k":0,"ix":10},"p":{"a":0,"k":[468,692,0],"ix":2},"a":{"a":0,"k":[468,692,0],"ix":1},"s":{"a":1,"k":[{"i":{"x":[0.77,0.77,0.77],"y":[1,1,1]},"o":{"x":[0.23,0.23,0.23],"y":[0,0,0]},"n":["0p77_1_0p23_0","0p77_1_0p23_0","0p77_1_0p23_0"],"t":23,"s":[0,0,100],"e":[175,175,100]},{"t":26}],"ix":6}},"ao":0,"ip":0,"op":600,"st":0,"bm":0},{"ddd":0,"ind":8,"ty":2,"nm":"6","refId":"image_31","sr":1,"ks":{"o":{"a":0,"k":100,"ix":11},"r":{"a":0,"k":0,"ix":10},"p":{"a":0,"k":[162,614,0],"ix":2},"a":{"a":0,"k":[162,614,0],"ix":1},"s":{"a":1,"k":[{"i":{"x":[0.77,0.77,0.77],"y":[1,1,1]},"o":{"x":[0.23,0.23,0.23],"y":[0,0,0]},"n":["0p77_1_0p23_0","0p77_1_0p23_0","0p77_1_0p23_0"],"t":19,"s":[0,0,100],"e":[130,130,100]},{"t":22}],"ix":6}},"ao":0,"ip":0,"op":600,"st":0,"bm":0},{"ddd":0,"ind":9,"ty":2,"nm":"5","refId":"image_32","sr":1,"ks":{"o":{"a":0,"k":100,"ix":11},"r":{"a":0,"k":0,"ix":10},"p":{"a":0,"k":[78,466,0],"ix":2},"a":{"a":0,"k":[78,466,0],"ix":1},"s":{"a":1,"k":[{"i":{"x":[0.77,0.77,0.77],"y":[1,1,1]},"o":{"x":[0.23,0.23,0.23],"y":[0,0,0]},"n":["0p77_1_0p23_0","0p77_1_0p23_0","0p77_1_0p23_0"],"t":17,"s":[0,0,100],"e":[130,130,100]},{"t":20}],"ix":6}},"ao":0,"ip":0,"op":600,"st":0,"bm":0},{"ddd":0,"ind":10,"ty":2,"nm":"4","refId":"image_33","sr":1,"ks":{"o":{"a":0,"k":100,"ix":11},"r":{"a":0,"k":0,"ix":10},"p":{"a":0,"k":[78,312,0],"ix":2},"a":{"a":0,"k":[78,312,0],"ix":1},"s":{"a":1,"k":[{"i":{"x":[0.77,0.77,0.77],"y":[1,1,1]},"o":{"x":[0.23,0.23,0.23],"y":[0,0,0]},"n":["0p77_1_0p23_0","0p77_1_0p23_0","0p77_1_0p23_0"],"t":15,"s":[0,0,100],"e":[130,130,100]},{"t":18}],"ix":6}},"ao":0,"ip":0,"op":600,"st":0,"bm":0},{"ddd":0,"ind":11,"ty":2,"nm":"3","refId":"image_34","sr":1,"ks":{"o":{"a":0,"k":100,"ix":11},"r":{"a":0,"k":0,"ix":10},"p":{"a":0,"k":[162,162,0],"ix":2},"a":{"a":0,"k":[162,162,0],"ix":1},"s":{"a":1,"k":[{"i":{"x":[0.77,0.77,0.77],"y":[1,1,1]},"o":{"x":[0.23,0.23,0.23],"y":[0,0,0]},"n":["0p77_1_0p23_0","0p77_1_0p23_0","0p77_1_0p23_0"],"t":13,"s":[0,0,100],"e":[130,130,100]},{"t":16}],"ix":6}},"ao":0,"ip":0,"op":600,"st":0,"bm":0},{"ddd":0,"ind":12,"ty":2,"nm":"2","refId":"image_35","sr":1,"ks":{"o":{"a":0,"k":100,"ix":11},"r":{"a":0,"k":0,"ix":10},"p":{"a":0,"k":[294,86,0],"ix":2},"a":{"a":0,"k":[294,86,0],"ix":1},"s":{"a":1,"k":[{"i":{"x":[0.77,0.77,0.77],"y":[1,1,1]},"o":{"x":[0.23,0.23,0.23],"y":[0,0,0]},"n":["0p77_1_0p23_0","0p77_1_0p23_0","0p77_1_0p23_0"],"t":12,"s":[0,0,100],"e":[130,130,100]},{"t":15}],"ix":6}},"ao":0,"ip":0,"op":600,"st":0,"bm":0},{"ddd":0,"ind":13,"ty":2,"nm":"one","refId":"image_36","sr":1,"ks":{"o":{"a":0,"k":100,"ix":11},"r":{"a":0,"k":0,"ix":10},"p":{"a":0,"k":[470,84,0],"ix":2},"a":{"a":0,"k":[470,84,0],"ix":1},"s":{"a":1,"k":[{"i":{"x":[0.77,0.77,0.77],"y":[1,1,1]},"o":{"x":[0.23,0.23,0.23],"y":[0,0,0]},"n":["0p77_1_0p23_0","0p77_1_0p23_0","0p77_1_0p23_0"],"t":11,"s":[0,0,100],"e":[130,130,100]},{"t":14}],"ix":6}},"ao":0,"ip":0,"op":600,"st":0,"bm":0},{"ddd":0,"ind":14,"ty":2,"nm":"layer","refId":"image_37","sr":1,"ks":{"o":{"a":0,"k":100,"ix":11},"r":{"a":0,"k":0,"ix":10},"p":{"a":0,"k":[524,636,0],"ix":2},"a":{"a":0,"k":[524,636,0],"ix":1},"s":{"a":1,"k":[{"i":{"x":[0.77,0.77,0.77],"y":[1,1,1]},"o":{"x":[0.23,0.23,0.23],"y":[0,0,0]},"n":["0p77_1_0p23_0","0p77_1_0p23_0","0p77_1_0p23_0"],"t":31,"s":[0,0,100],"e":[120,120,100]},{"t":34}],"ix":6}},"ao":0,"ip":0,"op":600,"st":0,"bm":0},{"ddd":0,"ind":15,"ty":2,"nm":"Layer 33","refId":"image_38","sr":1,"ks":{"o":{"a":0,"k":100,"ix":11},"r":{"a":0,"k":0,"ix":10},"p":{"a":0,"k":[448,524,0],"ix":2},"a":{"a":0,"k":[448,524,0],"ix":1},"s":{"a":1,"k":[{"i":{"x":[0.77,0.77,0.77],"y":[1,1,1]},"o":{"x":[0.23,0.23,0.23],"y":[0,0,0]},"n":["0p77_1_0p23_0","0p77_1_0p23_0","0p77_1_0p23_0"],"t":34,"s":[0,0,100],"e":[120,120,100]},{"t":37}],"ix":6}},"ao":0,"ip":0,"op":600,"st":0,"bm":0},{"ddd":0,"ind":16,"ty":2,"nm":"Layer 34","refId":"image_39","sr":1,"ks":{"o":{"a":0,"k":100,"ix":11},"r":{"a":0,"k":0,"ix":10},"p":{"a":0,"k":[280,416,0],"ix":2},"a":{"a":0,"k":[280,416,0],"ix":1},"s":{"a":1,"k":[{"i":{"x":[0.77,0.77,0.77],"y":[1,1,1]},"o":{"x":[0.23,0.23,0.23],"y":[0,0,0]},"n":["0p77_1_0p23_0","0p77_1_0p23_0","0p77_1_0p23_0"],"t":34,"s":[0,0,100],"e":[110,110,100]},{"t":37}],"ix":6}},"ao":0,"ip":0,"op":600,"st":0,"bm":0},{"ddd":0,"ind":17,"ty":2,"nm":"Layer 38","refId":"image_40","sr":1,"ks":{"o":{"a":0,"k":100,"ix":11},"r":{"a":0,"k":0,"ix":10},"p":{"a":0,"k":[270,458,0],"ix":2},"a":{"a":0,"k":[270,458,0],"ix":1},"s":{"a":1,"k":[{"i":{"x":[0.77,0.77,0.77],"y":[1,1,1]},"o":{"x":[0.23,0.23,0.23],"y":[0,0,0]},"n":["0p77_1_0p23_0","0p77_1_0p23_0","0p77_1_0p23_0"],"t":34,"s":[0,0,100],"e":[120,120,100]},{"t":37}],"ix":6}},"ao":0,"ip":0,"op":600,"st":0,"bm":0},{"ddd":0,"ind":18,"ty":2,"nm":"Layer 39","refId":"image_41","sr":1,"ks":{"o":{"a":0,"k":100,"ix":11},"r":{"a":0,"k":0,"ix":10},"p":{"a":0,"k":[190,378,0],"ix":2},"a":{"a":0,"k":[190,378,0],"ix":1},"s":{"a":1,"k":[{"i":{"x":[0.77,0.77,0.77],"y":[1,1,1]},"o":{"x":[0.23,0.23,0.23],"y":[0,0,0]},"n":["0p77_1_0p23_0","0p77_1_0p23_0","0p77_1_0p23_0"],"t":36,"s":[0,0,100],"e":[140,140,100]},{"t":39}],"ix":6}},"ao":0,"ip":0,"op":600,"st":0,"bm":0},{"ddd":0,"ind":19,"ty":2,"nm":"Layer 40","refId":"image_42","sr":1,"ks":{"o":{"a":0,"k":100,"ix":11},"r":{"a":0,"k":0,"ix":10},"p":{"a":0,"k":[178,418,0],"ix":2},"a":{"a":0,"k":[178,418,0],"ix":1},"s":{"a":1,"k":[{"i":{"x":[0.77,0.77,0.77],"y":[1,1,1]},"o":{"x":[0.23,0.23,0.23],"y":[0,0,0]},"n":["0p77_1_0p23_0","0p77_1_0p23_0","0p77_1_0p23_0"],"t":36,"s":[0,0,100],"e":[150,150,100]},{"t":39}],"ix":6}},"ao":0,"ip":0,"op":600,"st":0,"bm":0},{"ddd":0,"ind":20,"ty":2,"nm":"Layer 41","refId":"image_43","sr":1,"ks":{"o":{"a":0,"k":100,"ix":11},"r":{"a":0,"k":0,"ix":10},"p":{"a":0,"k":[360,502,0],"ix":2},"a":{"a":0,"k":[360,502,0],"ix":1},"s":{"a":1,"k":[{"i":{"x":[0.77,0.77,0.77],"y":[1,1,1]},"o":{"x":[0.23,0.23,0.23],"y":[0,0,0]},"n":["0p77_1_0p23_0","0p77_1_0p23_0","0p77_1_0p23_0"],"t":36,"s":[0,0,100],"e":[110,110,100]},{"t":39}],"ix":6}},"ao":0,"ip":0,"op":600,"st":0,"bm":0},{"ddd":0,"ind":21,"ty":2,"nm":"Layer 42","refId":"image_44","sr":1,"ks":{"o":{"a":0,"k":100,"ix":11},"r":{"a":0,"k":0,"ix":10},"p":{"a":0,"k":[144,530,0],"ix":2},"a":{"a":0,"k":[144,530,0],"ix":1},"s":{"a":1,"k":[{"i":{"x":[0.77,0.77,0.77],"y":[1,1,1]},"o":{"x":[0.23,0.23,0.23],"y":[0,0,0]},"n":["0p77_1_0p23_0","0p77_1_0p23_0","0p77_1_0p23_0"],"t":28,"s":[0,0,100],"e":[120,120,100]},{"t":31}],"ix":6}},"ao":0,"ip":0,"op":600,"st":0,"bm":0},{"ddd":0,"ind":22,"ty":2,"nm":"Layer 43","refId":"image_45","sr":1,"ks":{"o":{"a":0,"k":100,"ix":11},"r":{"a":0,"k":0,"ix":10},"p":{"a":0,"k":[322,560,0],"ix":2},"a":{"a":0,"k":[322,560,0],"ix":1},"s":{"a":1,"k":[{"i":{"x":[0.77,0.77,0.77],"y":[1,1,1]},"o":{"x":[0.23,0.23,0.23],"y":[0,0,0]},"n":["0p77_1_0p23_0","0p77_1_0p23_0","0p77_1_0p23_0"],"t":28,"s":[0,0,100],"e":[110,110,100]},{"t":31}],"ix":6}},"ao":0,"ip":0,"op":600,"st":0,"bm":0},{"ddd":0,"ind":23,"ty":2,"nm":"Layer 77","refId":"image_46","sr":1,"ks":{"o":{"a":0,"k":100,"ix":11},"r":{"a":0,"k":0,"ix":10},"p":{"a":0,"k":[594,368,0],"ix":2},"a":{"a":0,"k":[594,368,0],"ix":1},"s":{"a":1,"k":[{"i":{"x":[0.77,0.77,0.77],"y":[1,1,1]},"o":{"x":[0.23,0.23,0.23],"y":[0,0,0]},"n":["0p77_1_0p23_0","0p77_1_0p23_0","0p77_1_0p23_0"],"t":28,"s":[0,0,100],"e":[120,120,100]},{"t":31}],"ix":6}},"ao":0,"ip":0,"op":600,"st":0,"bm":0},{"ddd":0,"ind":24,"ty":2,"nm":"Layer 44","refId":"image_47","sr":1,"ks":{"o":{"a":0,"k":100,"ix":11},"r":{"a":0,"k":0,"ix":10},"p":{"a":0,"k":[260,510,0],"ix":2},"a":{"a":0,"k":[260,510,0],"ix":1},"s":{"a":1,"k":[{"i":{"x":[0.77,0.77,0.77],"y":[1,1,1]},"o":{"x":[0.23,0.23,0.23],"y":[0,0,0]},"n":["0p77_1_0p23_0","0p77_1_0p23_0","0p77_1_0p23_0"],"t":31,"s":[0,0,100],"e":[120,120,100]},{"t":34}],"ix":6}},"ao":0,"ip":0,"op":600,"st":0,"bm":0},{"ddd":0,"ind":25,"ty":2,"nm":"Layer 45","refId":"image_48","sr":1,"ks":{"o":{"a":0,"k":100,"ix":11},"r":{"a":0,"k":0,"ix":10},"p":{"a":0,"k":[100,380,0],"ix":2},"a":{"a":0,"k":[100,380,0],"ix":1},"s":{"a":1,"k":[{"i":{"x":[0.77,0.77,0.77],"y":[1,1,1]},"o":{"x":[0.23,0.23,0.23],"y":[0,0,0]},"n":["0p77_1_0p23_0","0p77_1_0p23_0","0p77_1_0p23_0"],"t":31,"s":[0,0,100],"e":[120,120,100]},{"t":34}],"ix":6}},"ao":0,"ip":0,"op":600,"st":0,"bm":0},{"ddd":0,"ind":26,"ty":2,"nm":"Layer 46","refId":"image_49","sr":1,"ks":{"o":{"a":0,"k":100,"ix":11},"r":{"a":0,"k":0,"ix":10},"p":{"a":0,"k":[124,310,0],"ix":2},"a":{"a":0,"k":[124,310,0],"ix":1},"s":{"a":1,"k":[{"i":{"x":[0.77,0.77,0.77],"y":[1,1,1]},"o":{"x":[0.23,0.23,0.23],"y":[0,0,0]},"n":["0p77_1_0p23_0","0p77_1_0p23_0","0p77_1_0p23_0"],"t":31,"s":[0,0,100],"e":[110,110,100]},{"t":34}],"ix":6}},"ao":0,"ip":0,"op":600,"st":0,"bm":0},{"ddd":0,"ind":27,"ty":2,"nm":"Layer 47","refId":"image_50","sr":1,"ks":{"o":{"a":0,"k":100,"ix":11},"r":{"a":0,"k":0,"ix":10},"p":{"a":0,"k":[296,300,0],"ix":2},"a":{"a":0,"k":[296,300,0],"ix":1},"s":{"a":1,"k":[{"i":{"x":[0.77,0.77,0.77],"y":[1,1,1]},"o":{"x":[0.23,0.23,0.23],"y":[0,0,0]},"n":["0p77_1_0p23_0","0p77_1_0p23_0","0p77_1_0p23_0"],"t":33,"s":[0,0,100],"e":[130,130,100]},{"t":36}],"ix":6}},"ao":0,"ip":0,"op":600,"st":0,"bm":0},{"ddd":0,"ind":28,"ty":2,"nm":"Layer 51","refId":"image_51","sr":1,"ks":{"o":{"a":0,"k":100,"ix":11},"r":{"a":0,"k":0,"ix":10},"p":{"a":0,"k":[252,220,0],"ix":2},"a":{"a":0,"k":[252,220,0],"ix":1},"s":{"a":1,"k":[{"i":{"x":[0.77,0.77,0.77],"y":[1,1,1]},"o":{"x":[0.23,0.23,0.23],"y":[0,0,0]},"n":["0p77_1_0p23_0","0p77_1_0p23_0","0p77_1_0p23_0"],"t":33,"s":[0,0,100],"e":[130,130,100]},{"t":36}],"ix":6}},"ao":0,"ip":0,"op":600,"st":0,"bm":0},{"ddd":0,"ind":29,"ty":2,"nm":"Layer 52","refId":"image_52","sr":1,"ks":{"o":{"a":0,"k":100,"ix":11},"r":{"a":0,"k":0,"ix":10},"p":{"a":0,"k":[228,280,0],"ix":2},"a":{"a":0,"k":[228,280,0],"ix":1},"s":{"a":1,"k":[{"i":{"x":[0.77,0.77,0.77],"y":[1,1,1]},"o":{"x":[0.23,0.23,0.23],"y":[0,0,0]},"n":["0p77_1_0p23_0","0p77_1_0p23_0","0p77_1_0p23_0"],"t":33,"s":[0,0,100],"e":[130,130,100]},{"t":36}],"ix":6}},"ao":0,"ip":0,"op":600,"st":0,"bm":0},{"ddd":0,"ind":30,"ty":2,"nm":"Layer 53","refId":"image_53","sr":1,"ks":{"o":{"a":0,"k":100,"ix":11},"r":{"a":0,"k":0,"ix":10},"p":{"a":0,"k":[392,180,0],"ix":2},"a":{"a":0,"k":[392,180,0],"ix":1},"s":{"a":1,"k":[{"i":{"x":[0.77,0.77,0.77],"y":[1,1,1]},"o":{"x":[0.23,0.23,0.23],"y":[0,0,0]},"n":["0p77_1_0p23_0","0p77_1_0p23_0","0p77_1_0p23_0"],"t":35,"s":[0,0,100],"e":[110,110,100]},{"t":38}],"ix":6}},"ao":0,"ip":0,"op":600,"st":0,"bm":0},{"ddd":0,"ind":31,"ty":2,"nm":"Layer 54","refId":"image_54","sr":1,"ks":{"o":{"a":0,"k":100,"ix":11},"r":{"a":0,"k":0,"ix":10},"p":{"a":0,"k":[322,266,0],"ix":2},"a":{"a":0,"k":[322,266,0],"ix":1},"s":{"a":1,"k":[{"i":{"x":[0.77,0.77,0.77],"y":[1,1,1]},"o":{"x":[0.23,0.23,0.23],"y":[0,0,0]},"n":["0p77_1_0p23_0","0p77_1_0p23_0","0p77_1_0p23_0"],"t":35,"s":[0,0,100],"e":[110,110,100]},{"t":38}],"ix":6}},"ao":0,"ip":0,"op":600,"st":0,"bm":0},{"ddd":0,"ind":32,"ty":2,"nm":"Layer 55","refId":"image_55","sr":1,"ks":{"o":{"a":0,"k":100,"ix":11},"r":{"a":0,"k":0,"ix":10},"p":{"a":0,"k":[382,110,0],"ix":2},"a":{"a":0,"k":[382,110,0],"ix":1},"s":{"a":1,"k":[{"i":{"x":[0.77,0.77,0.77],"y":[1,1,1]},"o":{"x":[0.23,0.23,0.23],"y":[0,0,0]},"n":["0p77_1_0p23_0","0p77_1_0p23_0","0p77_1_0p23_0"],"t":35,"s":[0,0,100],"e":[115,115,100]},{"t":38}],"ix":6}},"ao":0,"ip":0,"op":600,"st":0,"bm":0},{"ddd":0,"ind":33,"ty":2,"nm":"Layer 56","refId":"image_56","sr":1,"ks":{"o":{"a":0,"k":100,"ix":11},"r":{"a":0,"k":0,"ix":10},"p":{"a":0,"k":[240,148,0],"ix":2},"a":{"a":0,"k":[240,148,0],"ix":1},"s":{"a":1,"k":[{"i":{"x":[0.77,0.77,0.77],"y":[1,1,1]},"o":{"x":[0.23,0.23,0.23],"y":[0,0,0]},"n":["0p77_1_0p23_0","0p77_1_0p23_0","0p77_1_0p23_0"],"t":38,"s":[0,0,100],"e":[110,110,100]},{"t":41}],"ix":6}},"ao":0,"ip":0,"op":600,"st":0,"bm":0},{"ddd":0,"ind":34,"ty":2,"nm":"Layer 57","refId":"image_57","sr":1,"ks":{"o":{"a":0,"k":100,"ix":11},"r":{"a":0,"k":0,"ix":10},"p":{"a":0,"k":[334,360,0],"ix":2},"a":{"a":0,"k":[334,360,0],"ix":1},"s":{"a":1,"k":[{"i":{"x":[0.77,0.77,0.77],"y":[1,1,1]},"o":{"x":[0.23,0.23,0.23],"y":[0,0,0]},"n":["0p77_1_0p23_0","0p77_1_0p23_0","0p77_1_0p23_0"],"t":38,"s":[0,0,100],"e":[140,140,100]},{"t":41}],"ix":6}},"ao":0,"ip":0,"op":600,"st":0,"bm":0},{"ddd":0,"ind":35,"ty":2,"nm":"Layer 58","refId":"image_58","sr":1,"ks":{"o":{"a":0,"k":100,"ix":11},"r":{"a":0,"k":0,"ix":10},"p":{"a":0,"k":[346,418,0],"ix":2},"a":{"a":0,"k":[346,418,0],"ix":1},"s":{"a":1,"k":[{"i":{"x":[0.77,0.77,0.77],"y":[1,1,1]},"o":{"x":[0.23,0.23,0.23],"y":[0,0,0]},"n":["0p77_1_0p23_0","0p77_1_0p23_0","0p77_1_0p23_0"],"t":38,"s":[0,0,100],"e":[130,130,100]},{"t":41}],"ix":6}},"ao":0,"ip":0,"op":600,"st":0,"bm":0},{"ddd":0,"ind":36,"ty":2,"nm":"Layer 59","refId":"image_59","sr":1,"ks":{"o":{"a":0,"k":100,"ix":11},"r":{"a":0,"k":0,"ix":10},"p":{"a":0,"k":[364,398,0],"ix":2},"a":{"a":0,"k":[364,398,0],"ix":1},"s":{"a":1,"k":[{"i":{"x":[0.77,0.77,0.77],"y":[1,1,1]},"o":{"x":[0.23,0.23,0.23],"y":[0,0,0]},"n":["0p77_1_0p23_0","0p77_1_0p23_0","0p77_1_0p23_0"],"t":41,"s":[0,0,100],"e":[130,130,100]},{"t":44}],"ix":6}},"ao":0,"ip":0,"op":600,"st":0,"bm":0},{"ddd":0,"ind":37,"ty":2,"nm":"Layer 60","refId":"image_60","sr":1,"ks":{"o":{"a":0,"k":100,"ix":11},"r":{"a":0,"k":0,"ix":10},"p":{"a":0,"k":[368,340,0],"ix":2},"a":{"a":0,"k":[368,340,0],"ix":1},"s":{"a":1,"k":[{"i":{"x":[0.77,0.77,0.77],"y":[1,1,1]},"o":{"x":[0.23,0.23,0.23],"y":[0,0,0]},"n":["0p77_1_0p23_0","0p77_1_0p23_0","0p77_1_0p23_0"],"t":41,"s":[0,0,100],"e":[100,100,100]},{"t":44}],"ix":6}},"ao":0,"ip":0,"op":600,"st":0,"bm":0},{"ddd":0,"ind":38,"ty":2,"nm":"Layer 61","refId":"image_61","sr":1,"ks":{"o":{"a":0,"k":100,"ix":11},"r":{"a":0,"k":0,"ix":10},"p":{"a":0,"k":[420,424,0],"ix":2},"a":{"a":0,"k":[420,424,0],"ix":1},"s":{"a":1,"k":[{"i":{"x":[0.77,0.77,0.77],"y":[1,1,1]},"o":{"x":[0.23,0.23,0.23],"y":[0,0,0]},"n":["0p77_1_0p23_0","0p77_1_0p23_0","0p77_1_0p23_0"],"t":41,"s":[0,0,100],"e":[100,100,100]},{"t":44}],"ix":6}},"ao":0,"ip":0,"op":600,"st":0,"bm":0},{"ddd":0,"ind":39,"ty":2,"nm":"Layer 62","refId":"image_62","sr":1,"ks":{"o":{"a":0,"k":100,"ix":11},"r":{"a":0,"k":0,"ix":10},"p":{"a":0,"k":[566,476,0],"ix":2},"a":{"a":0,"k":[566,476,0],"ix":1},"s":{"a":1,"k":[{"i":{"x":[0.77,0.77,0.77],"y":[1,1,1]},"o":{"x":[0.23,0.23,0.23],"y":[0,0,0]},"n":["0p77_1_0p23_0","0p77_1_0p23_0","0p77_1_0p23_0"],"t":29,"s":[0,0,100],"e":[100,100,100]},{"t":32}],"ix":6}},"ao":0,"ip":0,"op":600,"st":0,"bm":0},{"ddd":0,"ind":40,"ty":2,"nm":"Layer 63","refId":"image_63","sr":1,"ks":{"o":{"a":0,"k":100,"ix":11},"r":{"a":0,"k":0,"ix":10},"p":{"a":0,"k":[508,292,0],"ix":2},"a":{"a":0,"k":[508,292,0],"ix":1},"s":{"a":1,"k":[{"i":{"x":[0.77,0.77,0.77],"y":[1,1,1]},"o":{"x":[0.23,0.23,0.23],"y":[0,0,0]},"n":["0p77_1_0p23_0","0p77_1_0p23_0","0p77_1_0p23_0"],"t":29,"s":[0,0,100],"e":[100,100,100]},{"t":32}],"ix":6}},"ao":0,"ip":0,"op":600,"st":0,"bm":0},{"ddd":0,"ind":41,"ty":2,"nm":"Layer 64","refId":"image_64","sr":1,"ks":{"o":{"a":0,"k":100,"ix":11},"r":{"a":0,"k":0,"ix":10},"p":{"a":0,"k":[140,250,0],"ix":2},"a":{"a":0,"k":[140,250,0],"ix":1},"s":{"a":1,"k":[{"i":{"x":[0.77,0.77,0.77],"y":[1,1,1]},"o":{"x":[0.23,0.23,0.23],"y":[0,0,0]},"n":["0p77_1_0p23_0","0p77_1_0p23_0","0p77_1_0p23_0"],"t":29,"s":[0,0,100],"e":[100,100,100]},{"t":32}],"ix":6}},"ao":0,"ip":0,"op":600,"st":0,"bm":0},{"ddd":0,"ind":42,"ty":2,"nm":"Layer 65","refId":"image_65","sr":1,"ks":{"o":{"a":0,"k":100,"ix":11},"r":{"a":0,"k":0,"ix":10},"p":{"a":0,"k":[240,634,0],"ix":2},"a":{"a":0,"k":[240,634,0],"ix":1},"s":{"a":1,"k":[{"i":{"x":[0.77,0.77,0.77],"y":[1,1,1]},"o":{"x":[0.23,0.23,0.23],"y":[0,0,0]},"n":["0p77_1_0p23_0","0p77_1_0p23_0","0p77_1_0p23_0"],"t":32,"s":[0,0,100],"e":[100,100,100]},{"t":35}],"ix":6}},"ao":0,"ip":0,"op":600,"st":0,"bm":0},{"ddd":0,"ind":43,"ty":2,"nm":"Layer 66","refId":"image_66","sr":1,"ks":{"o":{"a":0,"k":100,"ix":11},"r":{"a":0,"k":0,"ix":10},"p":{"a":0,"k":[572,584,0],"ix":2},"a":{"a":0,"k":[572,584,0],"ix":1},"s":{"a":1,"k":[{"i":{"x":[0.77,0.77,0.77],"y":[1,1,1]},"o":{"x":[0.23,0.23,0.23],"y":[0,0,0]},"n":["0p77_1_0p23_0","0p77_1_0p23_0","0p77_1_0p23_0"],"t":32,"s":[0,0,100],"e":[100,100,100]},{"t":35}],"ix":6}},"ao":0,"ip":0,"op":600,"st":0,"bm":0},{"ddd":0,"ind":44,"ty":2,"nm":"Layer 67","refId":"image_67","sr":1,"ks":{"o":{"a":0,"k":100,"ix":11},"r":{"a":0,"k":0,"ix":10},"p":{"a":0,"k":[446,234,0],"ix":2},"a":{"a":0,"k":[446,234,0],"ix":1},"s":{"a":1,"k":[{"i":{"x":[0.77,0.77,0.77],"y":[1,1,1]},"o":{"x":[0.23,0.23,0.23],"y":[0,0,0]},"n":["0p77_1_0p23_0","0p77_1_0p23_0","0p77_1_0p23_0"],"t":32,"s":[0,0,100],"e":[100,100,100]},{"t":35}],"ix":6}},"ao":0,"ip":0,"op":600,"st":0,"bm":0},{"ddd":0,"ind":45,"ty":2,"nm":"Layer 68","refId":"image_68","sr":1,"ks":{"o":{"a":0,"k":100,"ix":11},"r":{"a":0,"k":0,"ix":10},"p":{"a":0,"k":[442,278,0],"ix":2},"a":{"a":0,"k":[442,278,0],"ix":1},"s":{"a":1,"k":[{"i":{"x":[0.77,0.77,0.77],"y":[1,1,1]},"o":{"x":[0.23,0.23,0.23],"y":[0,0,0]},"n":["0p77_1_0p23_0","0p77_1_0p23_0","0p77_1_0p23_0"],"t":34,"s":[0,0,100],"e":[100,100,100]},{"t":37}],"ix":6}},"ao":0,"ip":0,"op":600,"st":0,"bm":0},{"ddd":0,"ind":46,"ty":2,"nm":"Layer 69","refId":"image_69","sr":1,"ks":{"o":{"a":0,"k":100,"ix":11},"r":{"a":0,"k":0,"ix":10},"p":{"a":0,"k":[402,284,0],"ix":2},"a":{"a":0,"k":[402,284,0],"ix":1},"s":{"a":1,"k":[{"i":{"x":[0.77,0.77,0.77],"y":[1,1,1]},"o":{"x":[0.23,0.23,0.23],"y":[0,0,0]},"n":["0p77_1_0p23_0","0p77_1_0p23_0","0p77_1_0p23_0"],"t":34,"s":[0,0,100],"e":[100,100,100]},{"t":37}],"ix":6}},"ao":0,"ip":0,"op":600,"st":0,"bm":0},{"ddd":0,"ind":47,"ty":2,"nm":"Layer 70","refId":"image_70","sr":1,"ks":{"o":{"a":0,"k":100,"ix":11},"r":{"a":0,"k":0,"ix":10},"p":{"a":0,"k":[506,388,0],"ix":2},"a":{"a":0,"k":[506,388,0],"ix":1},"s":{"a":1,"k":[{"i":{"x":[0.77,0.77,0.77],"y":[1,1,1]},"o":{"x":[0.23,0.23,0.23],"y":[0,0,0]},"n":["0p77_1_0p23_0","0p77_1_0p23_0","0p77_1_0p23_0"],"t":34,"s":[0,0,100],"e":[100,100,100]},{"t":37}],"ix":6}},"ao":0,"ip":0,"op":600,"st":0,"bm":0},{"ddd":0,"ind":48,"ty":2,"nm":"Layer 73","refId":"image_71","sr":1,"ks":{"o":{"a":0,"k":100,"ix":11},"r":{"a":0,"k":0,"ix":10},"p":{"a":0,"k":[558,180,0],"ix":2},"a":{"a":0,"k":[558,180,0],"ix":1},"s":{"a":1,"k":[{"i":{"x":[0.77,0.77,0.77],"y":[1,1,1]},"o":{"x":[0.23,0.23,0.23],"y":[0,0,0]},"n":["0p77_1_0p23_0","0p77_1_0p23_0","0p77_1_0p23_0"],"t":39,"s":[0,0,100],"e":[100,100,100]},{"t":42}],"ix":6}},"ao":0,"ip":0,"op":600,"st":0,"bm":0},{"ddd":0,"ind":49,"ty":2,"nm":"Layer 74","refId":"image_72","sr":1,"ks":{"o":{"a":0,"k":100,"ix":11},"r":{"a":0,"k":0,"ix":10},"p":{"a":0,"k":[624,248,0],"ix":2},"a":{"a":0,"k":[624,248,0],"ix":1},"s":{"a":1,"k":[{"i":{"x":[0.77,0.77,0.77],"y":[1,1,1]},"o":{"x":[0.23,0.23,0.23],"y":[0,0,0]},"n":["0p77_1_0p23_0","0p77_1_0p23_0","0p77_1_0p23_0"],"t":39,"s":[0,0,100],"e":[100,100,100]},{"t":42}],"ix":6}},"ao":0,"ip":0,"op":600,"st":0,"bm":0}]},{"id":"comp_4","layers":[{"ddd":0,"ind":1,"ty":4,"nm":"Layer 24 Outlines","sr":1,"ks":{"o":{"a":0,"k":100,"ix":11},"r":{"a":0,"k":0,"ix":10},"p":{"a":0,"k":[388,390,0],"ix":2},"a":{"a":0,"k":[388,390,0],"ix":1},"s":{"a":0,"k":[100,100,100],"ix":6}},"ao":0,"shapes":[{"ty":"gr","it":[{"ind":0,"ty":"sh","ix":1,"ks":{"a":0,"k":{"i":[[0,0],[0,0],[0,0],[0,0],[0,0],[0,0]],"o":[[0,0],[0,0],[0,0],[0,0],[0,0],[0,0]],"v":[[304.954,76.389],[86.323,302.291],[-218.629,225.908],[-304.954,-76.384],[-86.324,-302.291],[218.63,-225.903]],"c":true},"ix":2},"nm":"Path 1","mn":"ADBE Vector Shape - Group","hd":false},{"ty":"st","c":{"a":0,"k":[0.110116337795,0.081739216225,0.085257406796,1],"ix":3},"o":{"a":0,"k":100,"ix":4},"w":{"a":0,"k":3,"ix":5},"lc":1,"lj":1,"ml":10,"nm":"Stroke 1","mn":"ADBE Vector Graphic - Stroke","hd":false},{"ty":"tr","p":{"a":0,"k":[382.995,390.256],"ix":2},"a":{"a":0,"k":[0,0],"ix":1},"s":{"a":0,"k":[100,100],"ix":3},"r":{"a":0,"k":0,"ix":6},"o":{"a":0,"k":100,"ix":7},"sk":{"a":0,"k":0,"ix":4},"sa":{"a":0,"k":0,"ix":5},"nm":"Transform"}],"nm":"Group 1","np":2,"cix":2,"ix":1,"mn":"ADBE Vector Group","hd":false},{"ty":"tm","s":{"a":0,"k":0,"ix":1},"e":{"a":1,"k":[{"i":{"x":[0.73],"y":[1]},"o":{"x":[0.233],"y":[0]},"n":["0p73_1_0p233_0"],"t":37,"s":[0],"e":[100]},{"t":59.70703125}],"ix":2},"o":{"a":0,"k":120,"ix":3},"m":1,"ix":2,"nm":"Trim Paths 1","mn":"ADBE Vector Filter - Trim","hd":false}],"ip":0,"op":600,"st":0,"bm":0},{"ddd":0,"ind":2,"ty":4,"nm":"ver Outlines 2","sr":1,"ks":{"o":{"a":0,"k":100,"ix":11},"r":{"a":0,"k":0,"ix":10},"p":{"a":0,"k":[388,390,0],"ix":2},"a":{"a":0,"k":[388,390,0],"ix":1},"s":{"a":0,"k":[100,100,100],"ix":6}},"ao":0,"shapes":[{"ty":"gr","it":[{"ind":0,"ty":"sh","ix":1,"ks":{"a":0,"k":{"i":[[0,0],[2.005,5.279]],"o":[[0,0],[0,0]],"v":[[65.149,-294.12],[151.475,288.84]],"c":false},"ix":2},"nm":"Path 1","mn":"ADBE Vector Shape - Group","hd":false},{"ty":"st","c":{"a":0,"k":[0.110116337795,0.081739216225,0.085257406796,1],"ix":3},"o":{"a":0,"k":100,"ix":4},"w":{"a":0,"k":3,"ix":5},"lc":1,"lj":1,"ml":10,"nm":"Stroke 1","mn":"ADBE Vector Graphic - Stroke","hd":false},{"ty":"tr","p":{"a":0,"k":[231.52,382.085],"ix":2},"a":{"a":0,"k":[0,0],"ix":1},"s":{"a":0,"k":[100,100],"ix":3},"r":{"a":0,"k":0,"ix":6},"o":{"a":0,"k":100,"ix":7},"sk":{"a":0,"k":0,"ix":4},"sa":{"a":0,"k":0,"ix":5},"nm":"Transform"}],"nm":"Group 1","np":2,"cix":2,"ix":1,"mn":"ADBE Vector Group","hd":false},{"ty":"tm","s":{"a":0,"k":0,"ix":1},"e":{"a":1,"k":[{"i":{"x":[0.73],"y":[1]},"o":{"x":[0.27],"y":[0]},"n":["0p73_1_0p27_0"],"t":62,"s":[0],"e":[100]},{"t":72}],"ix":2},"o":{"a":0,"k":0,"ix":3},"m":1,"ix":2,"nm":"Trim Paths 1","mn":"ADBE Vector Filter - Trim","hd":false}],"ip":7,"op":607,"st":7,"bm":0},{"ddd":0,"ind":3,"ty":4,"nm":"inside","sr":1,"ks":{"o":{"a":0,"k":100,"ix":11},"r":{"a":0,"k":0,"ix":10},"p":{"a":0,"k":[388,390,0],"ix":2},"a":{"a":0,"k":[388,390,0],"ix":1},"s":{"a":0,"k":[100,100,100],"ix":6}},"ao":0,"shapes":[{"ty":"gr","it":[{"ind":0,"ty":"sh","ix":1,"ks":{"a":0,"k":{"i":[[0,0],[0,0]],"o":[[0,0],[0,0]],"v":[[78,313.5],[298,301.5]],"c":false},"ix":2},"nm":"Path 1","mn":"ADBE Vector Shape - Group","hd":false},{"ty":"st","c":{"a":0,"k":[0.110116337795,0.081739216225,0.085257406796,1],"ix":3},"o":{"a":0,"k":100,"ix":4},"w":{"a":0,"k":3,"ix":5},"lc":1,"lj":1,"ml":4,"nm":"Stroke 1","mn":"ADBE Vector Graphic - Stroke","hd":false},{"ty":"fl","c":{"a":0,"k":[1,1,1,1],"ix":4},"o":{"a":0,"k":100,"ix":5},"r":1,"nm":"Fill 1","mn":"ADBE Vector Graphic - Fill","hd":false},{"ty":"tr","p":{"a":0,"k":[0,0],"ix":2},"a":{"a":0,"k":[0,0],"ix":1},"s":{"a":0,"k":[100,100],"ix":3},"r":{"a":0,"k":0,"ix":6},"o":{"a":0,"k":100,"ix":7},"sk":{"a":0,"k":0,"ix":4},"sa":{"a":0,"k":0,"ix":5},"nm":"Transform"}],"nm":"Shape 1","np":3,"cix":2,"ix":1,"mn":"ADBE Vector Group","hd":false},{"ty":"gr","it":[{"ind":0,"ty":"sh","ix":1,"ks":{"a":0,"k":{"i":[[0,0],[0,0]],"o":[[0,0],[0,0]],"v":[[-109.636,82.701],[109.636,-82.702]],"c":true},"ix":2},"nm":"Path 1","mn":"ADBE Vector Shape - Group","hd":false},{"ty":"st","c":{"a":0,"k":[0.110116337795,0.081739216225,0.085257406796,1],"ix":3},"o":{"a":0,"k":100,"ix":4},"w":{"a":0,"k":3,"ix":5},"lc":1,"lj":1,"ml":10,"nm":"Stroke 1","mn":"ADBE Vector Graphic - Stroke","hd":false},{"ty":"tr","p":{"a":0,"k":[187.622,383.723],"ix":2},"a":{"a":0,"k":[0,0],"ix":1},"s":{"a":0,"k":[100,100],"ix":3},"r":{"a":0,"k":0,"ix":6},"o":{"a":0,"k":100,"ix":7},"sk":{"a":0,"k":0,"ix":4},"sa":{"a":0,"k":0,"ix":5},"nm":"Transform"}],"nm":"Group 1","np":2,"cix":2,"ix":2,"mn":"ADBE Vector Group","hd":false},{"ty":"tm","s":{"a":0,"k":0,"ix":1},"e":{"a":1,"k":[{"i":{"x":[0.73],"y":[1]},"o":{"x":[0.27],"y":[0]},"n":["0p73_1_0p27_0"],"t":62,"s":[0],"e":[100]},{"t":72}],"ix":2},"o":{"a":0,"k":0,"ix":3},"m":1,"ix":3,"nm":"Trim Paths 1","mn":"ADBE Vector Filter - Trim","hd":false}],"ip":7,"op":607,"st":7,"bm":0},{"ddd":0,"ind":4,"ty":4,"nm":"2 Outlines 2","sr":1,"ks":{"o":{"a":0,"k":100,"ix":11},"r":{"a":0,"k":0,"ix":10},"p":{"a":0,"k":[388,390,0],"ix":2},"a":{"a":0,"k":[388,390,0],"ix":1},"s":{"a":0,"k":[100,100,100],"ix":6}},"ao":0,"shapes":[{"ty":"gr","it":[{"ind":0,"ty":"sh","ix":1,"ks":{"a":0,"k":{"i":[[0,0],[2.005,5.279]],"o":[[0,0],[0,0]],"v":[[65.149,-294.12],[151.475,288.84]],"c":false},"ix":2},"nm":"Path 1","mn":"ADBE Vector Shape - Group","hd":false},{"ty":"st","c":{"a":0,"k":[0.110116337795,0.081739216225,0.085257406796,1],"ix":3},"o":{"a":0,"k":100,"ix":4},"w":{"a":0,"k":3,"ix":5},"lc":1,"lj":1,"ml":10,"nm":"Stroke 1","mn":"ADBE Vector Graphic - Stroke","hd":false},{"ty":"tr","p":{"a":0,"k":[231.52,382.085],"ix":2},"a":{"a":0,"k":[0,0],"ix":1},"s":{"a":0,"k":[100,100],"ix":3},"r":{"a":0,"k":0,"ix":6},"o":{"a":0,"k":100,"ix":7},"sk":{"a":0,"k":0,"ix":4},"sa":{"a":0,"k":0,"ix":5},"nm":"Transform"}],"nm":"Group 1","np":2,"cix":2,"ix":1,"mn":"ADBE Vector Group","hd":false},{"ty":"tm","s":{"a":0,"k":0,"ix":1},"e":{"a":1,"k":[{"i":{"x":[0.73],"y":[1]},"o":{"x":[0.27],"y":[0]},"n":["0p73_1_0p27_0"],"t":62,"s":[0],"e":[100]},{"t":72}],"ix":2},"o":{"a":0,"k":0,"ix":3},"m":1,"ix":2,"nm":"Trim Paths 1","mn":"ADBE Vector Filter - Trim","hd":false}],"ip":7,"op":607,"st":7,"bm":0},{"ddd":0,"ind":5,"ty":4,"nm":"Layer 9 Outlines","sr":1,"ks":{"o":{"a":0,"k":100,"ix":11},"r":{"a":0,"k":0,"ix":10},"p":{"a":0,"k":[388,390,0],"ix":2},"a":{"a":0,"k":[388,390,0],"ix":1},"s":{"a":0,"k":[100,100,100],"ix":6}},"ao":0,"shapes":[{"ty":"gr","it":[{"ind":0,"ty":"sh","ix":1,"ks":{"a":0,"k":{"i":[[0,0],[0,0],[0,0],[0,0],[0,0],[0,0]],"o":[[0,0],[0,0],[0,0],[0,0],[0,0],[0,0]],"v":[[218.467,226.063],[-86.541,302.229],[-305.009,76.168],[-218.468,-226.061],[86.541,-302.229],[305.009,-76.167]],"c":true},"ix":2},"nm":"Path 1","mn":"ADBE Vector Shape - Group","hd":false},{"ty":"st","c":{"a":0,"k":[0.110116337795,0.081739216225,0.085257406796,1],"ix":3},"o":{"a":0,"k":100,"ix":4},"w":{"a":0,"k":3,"ix":5},"lc":1,"lj":1,"ml":10,"nm":"Stroke 1","mn":"ADBE Vector Graphic - Stroke","hd":false},{"ty":"tr","p":{"a":0,"k":[382.995,390.256],"ix":2},"a":{"a":0,"k":[0,0],"ix":1},"s":{"a":0,"k":[100,100],"ix":3},"r":{"a":0,"k":0,"ix":6},"o":{"a":0,"k":100,"ix":7},"sk":{"a":0,"k":0,"ix":4},"sa":{"a":0,"k":0,"ix":5},"nm":"Transform"}],"nm":"Group 1","np":2,"cix":2,"ix":1,"mn":"ADBE Vector Group","hd":false},{"ty":"tm","s":{"a":0,"k":0,"ix":1},"e":{"a":1,"k":[{"i":{"x":[0.73],"y":[1]},"o":{"x":[0.233],"y":[0]},"n":["0p73_1_0p233_0"],"t":26,"s":[0],"e":[100]},{"t":48.70703125}],"ix":2},"o":{"a":0,"k":0,"ix":3},"m":1,"ix":2,"nm":"Trim Paths 1","mn":"ADBE Vector Filter - Trim","hd":false}],"ip":0,"op":600,"st":0,"bm":0},{"ddd":0,"ind":6,"ty":4,"nm":"11 inside","sr":1,"ks":{"o":{"a":0,"k":100,"ix":11},"r":{"a":0,"k":0,"ix":10},"p":{"a":0,"k":[388,390,0],"ix":2},"a":{"a":0,"k":[388,390,0],"ix":1},"s":{"a":0,"k":[100,100,100],"ix":6}},"ao":0,"shapes":[{"ty":"gr","it":[{"ind":0,"ty":"sh","ix":1,"ks":{"a":0,"k":{"i":[[0,0],[0,0]],"o":[[0,0],[0,0]],"v":[[602,164],[420,422]],"c":false},"ix":2},"nm":"Path 1","mn":"ADBE Vector Shape - Group","hd":false},{"ty":"st","c":{"a":0,"k":[0.110116337795,0.081739216225,0.085257406796,1],"ix":3},"o":{"a":0,"k":100,"ix":4},"w":{"a":0,"k":3,"ix":5},"lc":1,"lj":1,"ml":4,"nm":"Stroke 1","mn":"ADBE Vector Graphic - Stroke","hd":false},{"ty":"fl","c":{"a":0,"k":[1,1,1,1],"ix":4},"o":{"a":0,"k":100,"ix":5},"r":1,"nm":"Fill 1","mn":"ADBE Vector Graphic - Fill","hd":false},{"ty":"tr","p":{"a":0,"k":[0,0],"ix":2},"a":{"a":0,"k":[0,0],"ix":1},"s":{"a":0,"k":[100,100],"ix":3},"r":{"a":0,"k":0,"ix":6},"o":{"a":0,"k":100,"ix":7},"sk":{"a":0,"k":0,"ix":4},"sa":{"a":0,"k":0,"ix":5},"nm":"Transform"}],"nm":"Shape 1","np":3,"cix":2,"ix":1,"mn":"ADBE Vector Group","hd":false},{"ty":"gr","it":[{"ind":0,"ty":"sh","ix":1,"ks":{"a":0,"k":{"i":[[0,0],[0,0]],"o":[[0,0],[0,0]],"v":[[-133.959,129.531],[133.959,20.659]],"c":true},"ix":2},"nm":"Path 1","mn":"ADBE Vector Shape - Group","hd":false},{"ty":"st","c":{"a":0,"k":[0.110116337795,0.081739216225,0.085257406796,1],"ix":3},"o":{"a":0,"k":100,"ix":4},"w":{"a":0,"k":3,"ix":5},"lc":1,"lj":1,"ml":10,"nm":"Stroke 1","mn":"ADBE Vector Graphic - Stroke","hd":false},{"ty":"tr","p":{"a":0,"k":[553.701,293.883],"ix":2},"a":{"a":0,"k":[0,0],"ix":1},"s":{"a":0,"k":[100,100],"ix":3},"r":{"a":0,"k":0,"ix":6},"o":{"a":0,"k":100,"ix":7},"sk":{"a":0,"k":0,"ix":4},"sa":{"a":0,"k":0,"ix":5},"nm":"Transform"}],"nm":"Group 1","np":2,"cix":2,"ix":2,"mn":"ADBE Vector Group","hd":false},{"ty":"tm","s":{"a":0,"k":0,"ix":1},"e":{"a":1,"k":[{"i":{"x":[0.73],"y":[1]},"o":{"x":[0.27],"y":[0]},"n":["0p73_1_0p27_0"],"t":62,"s":[0],"e":[100]},{"t":72}],"ix":2},"o":{"a":0,"k":0,"ix":3},"m":1,"ix":3,"nm":"Trim Paths 1","mn":"ADBE Vector Filter - Trim","hd":false}],"ip":0,"op":600,"st":0,"bm":0},{"ddd":0,"ind":7,"ty":4,"nm":"1 2Outlines 2","sr":1,"ks":{"o":{"a":0,"k":100,"ix":11},"r":{"a":0,"k":0,"ix":10},"p":{"a":0,"k":[388,390,0],"ix":2},"a":{"a":0,"k":[388,390,0],"ix":1},"s":{"a":0,"k":[100,100,100],"ix":6}},"ao":0,"shapes":[{"ty":"gr","it":[{"ind":0,"ty":"sh","ix":1,"ks":{"a":0,"k":{"i":[[0,0],[0,0]],"o":[[0,0],[0,0]],"v":[[20.094,-70.266],[152.184,6.059]],"c":false},"ix":2},"nm":"Path 1","mn":"ADBE Vector Shape - Group","hd":false},{"ty":"st","c":{"a":0,"k":[0.110116337795,0.081739216225,0.085257406796,1],"ix":3},"o":{"a":0,"k":100,"ix":4},"w":{"a":0,"k":3,"ix":5},"lc":1,"lj":1,"ml":10,"nm":"Stroke 1","mn":"ADBE Vector Graphic - Stroke","hd":false},{"ty":"tr","p":{"a":0,"k":[449.441,158.294],"ix":2},"a":{"a":0,"k":[0,0],"ix":1},"s":{"a":0,"k":[100,100],"ix":3},"r":{"a":0,"k":0,"ix":6},"o":{"a":0,"k":100,"ix":7},"sk":{"a":0,"k":0,"ix":4},"sa":{"a":0,"k":0,"ix":5},"nm":"Transform"}],"nm":"Group 1","np":2,"cix":2,"ix":1,"mn":"ADBE Vector Group","hd":false},{"ty":"tm","s":{"a":0,"k":0,"ix":1},"e":{"a":0,"k":100,"ix":2},"o":{"a":0,"k":0,"ix":3},"m":1,"ix":2,"nm":"Trim Paths 1","mn":"ADBE Vector Filter - Trim","hd":false},{"ty":"tm","s":{"a":0,"k":100,"ix":1},"e":{"a":1,"k":[{"i":{"x":[0.77],"y":[1]},"o":{"x":[0.23],"y":[0]},"n":["0p77_1_0p23_0"],"t":25,"s":[100],"e":[0]},{"t":26}],"ix":2},"o":{"a":0,"k":359,"ix":3},"m":1,"ix":3,"nm":"Trim Paths 2","mn":"ADBE Vector Filter - Trim","hd":false}],"ip":0,"op":600,"st":0,"bm":0},{"ddd":0,"ind":8,"ty":4,"nm":"Layer 11Outlines","sr":1,"ks":{"o":{"a":0,"k":100,"ix":11},"r":{"a":0,"k":180.524,"ix":10},"p":{"a":0,"k":[646,244.5,0],"ix":2},"a":{"a":0,"k":[643,235,0],"ix":1},"s":{"a":0,"k":[100,100,100],"ix":6}},"ao":0,"shapes":[{"ty":"gr","it":[{"ind":0,"ty":"sh","ix":1,"ks":{"a":0,"k":{"i":[[0,0],[0,0]],"o":[[0,0],[0,0]],"v":[[47.924,-129.531],[133.959,20.659]],"c":true},"ix":2},"nm":"Path 1","mn":"ADBE Vector Shape - Group","hd":false},{"ty":"st","c":{"a":0,"k":[0.110116337795,0.081739216225,0.085257406796,1],"ix":3},"o":{"a":0,"k":100,"ix":4},"w":{"a":0,"k":3,"ix":5},"lc":1,"lj":1,"ml":10,"nm":"Stroke 1","mn":"ADBE Vector Graphic - Stroke","hd":false},{"ty":"tr","p":{"a":0,"k":[553.701,293.883],"ix":2},"a":{"a":0,"k":[0,0],"ix":1},"s":{"a":0,"k":[100,100],"ix":3},"r":{"a":0,"k":0,"ix":6},"o":{"a":0,"k":100,"ix":7},"sk":{"a":0,"k":0,"ix":4},"sa":{"a":0,"k":0,"ix":5},"nm":"Transform"}],"nm":"Group 1","np":2,"cix":2,"ix":1,"mn":"ADBE Vector Group","hd":false},{"ty":"tm","s":{"a":0,"k":100,"ix":1},"e":{"a":1,"k":[{"i":{"x":[0.77],"y":[1]},"o":{"x":[0.23],"y":[0]},"n":["0p77_1_0p23_0"],"t":24,"s":[100],"e":[0]},{"t":25}],"ix":2},"o":{"a":0,"k":0,"ix":3},"m":1,"ix":2,"nm":"Trim Paths 1","mn":"ADBE Vector Filter - Trim","hd":false}],"ip":0,"op":600,"st":0,"bm":0},{"ddd":0,"ind":9,"ty":4,"nm":"Layer 10 Outlines","sr":1,"ks":{"o":{"a":0,"k":100,"ix":11},"r":{"a":0,"k":0,"ix":10},"p":{"a":0,"k":[388,390,0],"ix":2},"a":{"a":0,"k":[388,390,0],"ix":1},"s":{"a":0,"k":[100,100,100],"ix":6}},"ao":0,"shapes":[{"ty":"gr","it":[{"ind":0,"ty":"sh","ix":1,"ks":{"a":0,"k":{"i":[[0,0],[0,0]],"o":[[0,0],[0,0]],"v":[[-1.644,-76.551],[0.144,71.552]],"c":true},"ix":2},"nm":"Path 1","mn":"ADBE Vector Shape - Group","hd":false},{"ty":"st","c":{"a":0,"k":[0.110116337795,0.081739216225,0.085257406796,1],"ix":3},"o":{"a":0,"k":100,"ix":4},"w":{"a":0,"k":3,"ix":5},"lc":1,"lj":1,"ml":10,"nm":"Stroke 1","mn":"ADBE Vector Graphic - Stroke","hd":false},{"ty":"tr","p":{"a":0,"k":[687.805,390.594],"ix":2},"a":{"a":0,"k":[0,0],"ix":1},"s":{"a":0,"k":[100,100],"ix":3},"r":{"a":0,"k":0,"ix":6},"o":{"a":0,"k":100,"ix":7},"sk":{"a":0,"k":0,"ix":4},"sa":{"a":0,"k":0,"ix":5},"nm":"Transform"}],"nm":"Group 1","np":2,"cix":2,"ix":1,"mn":"ADBE Vector Group","hd":false},{"ty":"tm","s":{"a":0,"k":0,"ix":1},"e":{"a":1,"k":[{"i":{"x":[0.77],"y":[1]},"o":{"x":[0.23],"y":[0]},"n":["0p77_1_0p23_0"],"t":23,"s":[0],"e":[100]},{"t":24}],"ix":2},"o":{"a":0,"k":112,"ix":3},"m":1,"ix":2,"nm":"Trim Paths 1","mn":"ADBE Vector Filter - Trim","hd":false}],"ip":0,"op":600,"st":0,"bm":0},{"ddd":0,"ind":10,"ty":4,"nm":"Layer 8 Outlines","sr":1,"ks":{"o":{"a":0,"k":100,"ix":11},"r":{"a":0,"k":0,"ix":10},"p":{"a":0,"k":[388,390,0],"ix":2},"a":{"a":0,"k":[388,390,0],"ix":1},"s":{"a":0,"k":[100,100,100],"ix":6}},"ao":0,"shapes":[{"ty":"gr","it":[{"ind":0,"ty":"sh","ix":1,"ks":{"a":0,"k":{"i":[[0,0],[0,0]],"o":[[0,0],[0,0]],"v":[[-43.099,77.099],[43.099,-77.099]],"c":false},"ix":2},"nm":"Path 1","mn":"ADBE Vector Shape - Group","hd":false},{"ty":"st","c":{"a":0,"k":[0.110116337795,0.081739216225,0.085257406796,1],"ix":3},"o":{"a":0,"k":100,"ix":4},"w":{"a":0,"k":3,"ix":5},"lc":1,"lj":1,"ml":10,"nm":"Stroke 1","mn":"ADBE Vector Graphic - Stroke","hd":false},{"ty":"tr","p":{"a":0,"k":[644.561,539.221],"ix":2},"a":{"a":0,"k":[0,0],"ix":1},"s":{"a":0,"k":[100,100],"ix":3},"r":{"a":0,"k":0,"ix":6},"o":{"a":0,"k":100,"ix":7},"sk":{"a":0,"k":0,"ix":4},"sa":{"a":0,"k":0,"ix":5},"nm":"Transform"}],"nm":"Group 1","np":2,"cix":2,"ix":1,"mn":"ADBE Vector Group","hd":false},{"ty":"tm","s":{"a":0,"k":0,"ix":1},"e":{"a":1,"k":[{"i":{"x":[0.77],"y":[1]},"o":{"x":[0.23],"y":[0]},"n":["0p77_1_0p23_0"],"t":22,"s":[0],"e":[100]},{"t":23}],"ix":2},"o":{"a":0,"k":0,"ix":3},"m":1,"ix":2,"nm":"Trim Paths 1","mn":"ADBE Vector Filter - Trim","hd":false}],"ip":0,"op":600,"st":0,"bm":0},{"ddd":0,"ind":11,"ty":4,"nm":"Layer 7 Outlines","sr":1,"ks":{"o":{"a":0,"k":100,"ix":11},"r":{"a":0,"k":0,"ix":10},"p":{"a":0,"k":[388,390,0],"ix":2},"a":{"a":0,"k":[388,390,0],"ix":1},"s":{"a":0,"k":[100,100,100],"ix":6}},"ao":0,"shapes":[{"ty":"gr","it":[{"ind":0,"ty":"sh","ix":1,"ks":{"a":0,"k":{"i":[[0,0],[0,0]],"o":[[0,0],[0,0]],"v":[[-66.228,38.398],[66.227,-38.398]],"c":false},"ix":2},"nm":"Path 1","mn":"ADBE Vector Shape - Group","hd":false},{"ty":"st","c":{"a":0,"k":[0.110116337795,0.081739216225,0.085257406796,1],"ix":3},"o":{"a":0,"k":100,"ix":4},"w":{"a":0,"k":3,"ix":5},"lc":1,"lj":1,"ml":10,"nm":"Stroke 1","mn":"ADBE Vector Graphic - Stroke","hd":false},{"ty":"tr","p":{"a":0,"k":[535.546,654.149],"ix":2},"a":{"a":0,"k":[0,0],"ix":1},"s":{"a":0,"k":[100,100],"ix":3},"r":{"a":0,"k":0,"ix":6},"o":{"a":0,"k":100,"ix":7},"sk":{"a":0,"k":0,"ix":4},"sa":{"a":0,"k":0,"ix":5},"nm":"Transform"}],"nm":"Group 1","np":2,"cix":2,"ix":1,"mn":"ADBE Vector Group","hd":false},{"ty":"tm","s":{"a":0,"k":0,"ix":1},"e":{"a":1,"k":[{"i":{"x":[0.77],"y":[1]},"o":{"x":[0.23],"y":[0]},"n":["0p77_1_0p23_0"],"t":21,"s":[0],"e":[100]},{"t":22}],"ix":2},"o":{"a":0,"k":0,"ix":3},"m":1,"ix":2,"nm":"Trim Paths 1","mn":"ADBE Vector Filter - Trim","hd":false}],"ip":0,"op":600,"st":0,"bm":0},{"ddd":0,"ind":12,"ty":4,"nm":"Layer 6 Outlines","sr":1,"ks":{"o":{"a":0,"k":100,"ix":11},"r":{"a":0,"k":0,"ix":10},"p":{"a":0,"k":[388,390,0],"ix":2},"a":{"a":0,"k":[388,390,0],"ix":1},"s":{"a":0,"k":[100,100,100],"ix":6}},"ao":0,"shapes":[{"ty":"gr","it":[{"ind":0,"ty":"sh","ix":1,"ks":{"a":0,"k":{"i":[[0,0],[0,0]],"o":[[0,0],[0,0]],"v":[[-86.733,0.263],[86.733,-0.263]],"c":false},"ix":2},"nm":"Path 1","mn":"ADBE Vector Shape - Group","hd":false},{"ty":"st","c":{"a":0,"k":[0.110116337795,0.081739216225,0.085257406796,1],"ix":3},"o":{"a":0,"k":100,"ix":4},"w":{"a":0,"k":3,"ix":5},"lc":1,"lj":1,"ml":10,"nm":"Stroke 1","mn":"ADBE Vector Graphic - Stroke","hd":false},{"ty":"tr","p":{"a":0,"k":[383.187,692.222],"ix":2},"a":{"a":0,"k":[0,0],"ix":1},"s":{"a":0,"k":[100,100],"ix":3},"r":{"a":0,"k":0,"ix":6},"o":{"a":0,"k":100,"ix":7},"sk":{"a":0,"k":0,"ix":4},"sa":{"a":0,"k":0,"ix":5},"nm":"Transform"}],"nm":"Group 1","np":2,"cix":2,"ix":1,"mn":"ADBE Vector Group","hd":false},{"ty":"tm","s":{"a":0,"k":0,"ix":1},"e":{"a":1,"k":[{"i":{"x":[0.77],"y":[1]},"o":{"x":[0.23],"y":[0]},"n":["0p77_1_0p23_0"],"t":20,"s":[0],"e":[100]},{"t":21}],"ix":2},"o":{"a":0,"k":0,"ix":3},"m":1,"ix":2,"nm":"Trim Paths 1","mn":"ADBE Vector Filter - Trim","hd":false}],"ip":0,"op":600,"st":0,"bm":0},{"ddd":0,"ind":13,"ty":4,"nm":"5Outlines","sr":1,"ks":{"o":{"a":0,"k":100,"ix":11},"r":{"a":0,"k":0,"ix":10},"p":{"a":0,"k":[388,390,0],"ix":2},"a":{"a":0,"k":[388,390,0],"ix":1},"s":{"a":0,"k":[100,100,100],"ix":6}},"ao":0,"shapes":[{"ty":"gr","it":[{"ind":0,"ty":"sh","ix":1,"ks":{"a":0,"k":{"i":[[0,0],[0,0]],"o":[[0,0],[0,0]],"v":[[-66.044,-37.891],[66.043,37.891]],"c":false},"ix":2},"nm":"Path 1","mn":"ADBE Vector Shape - Group","hd":false},{"ty":"st","c":{"a":0,"k":[0.110116337795,0.081739216225,0.085257406796,1],"ix":3},"o":{"a":0,"k":100,"ix":4},"w":{"a":0,"k":3,"ix":5},"lc":1,"lj":1,"ml":10,"nm":"Stroke 1","mn":"ADBE Vector Graphic - Stroke","hd":false},{"ty":"tr","p":{"a":0,"k":[230.41,654.595],"ix":2},"a":{"a":0,"k":[0,0],"ix":1},"s":{"a":0,"k":[100,100],"ix":3},"r":{"a":0,"k":0,"ix":6},"o":{"a":0,"k":100,"ix":7},"sk":{"a":0,"k":0,"ix":4},"sa":{"a":0,"k":0,"ix":5},"nm":"Transform"}],"nm":"Group 1","np":2,"cix":2,"ix":1,"mn":"ADBE Vector Group","hd":false},{"ty":"tm","s":{"a":0,"k":0,"ix":1},"e":{"a":1,"k":[{"i":{"x":[0.77],"y":[1]},"o":{"x":[0.23],"y":[0]},"n":["0p77_1_0p23_0"],"t":19,"s":[0],"e":[100]},{"t":20}],"ix":2},"o":{"a":0,"k":0,"ix":3},"m":1,"ix":2,"nm":"Trim Paths 1","mn":"ADBE Vector Filter - Trim","hd":false}],"ip":0,"op":600,"st":0,"bm":0},{"ddd":0,"ind":14,"ty":4,"nm":"4Outlines","sr":1,"ks":{"o":{"a":0,"k":100,"ix":11},"r":{"a":0,"k":0,"ix":10},"p":{"a":0,"k":[388,390,0],"ix":2},"a":{"a":0,"k":[388,390,0],"ix":1},"s":{"a":0,"k":[100,100,100],"ix":6}},"ao":0,"shapes":[{"ty":"gr","it":[{"ind":0,"ty":"sh","ix":1,"ks":{"a":0,"k":{"i":[[0,0],[0,0]],"o":[[0,0],[0,0]],"v":[[-42.943,-76.447],[42.943,76.447]],"c":false},"ix":2},"nm":"Path 1","mn":"ADBE Vector Shape - Group","hd":false},{"ty":"st","c":{"a":0,"k":[0.110116337795,0.081739216225,0.085257406796,1],"ix":3},"o":{"a":0,"k":100,"ix":4},"w":{"a":0,"k":3,"ix":5},"lc":1,"lj":1,"ml":10,"nm":"Stroke 1","mn":"ADBE Vector Graphic - Stroke","hd":false},{"ty":"tr","p":{"a":0,"k":[121.423,543.152],"ix":2},"a":{"a":0,"k":[0,0],"ix":1},"s":{"a":0,"k":[100,100],"ix":3},"r":{"a":0,"k":0,"ix":6},"o":{"a":0,"k":100,"ix":7},"sk":{"a":0,"k":0,"ix":4},"sa":{"a":0,"k":0,"ix":5},"nm":"Transform"}],"nm":"Group 1","np":2,"cix":2,"ix":1,"mn":"ADBE Vector Group","hd":false},{"ty":"tm","s":{"a":0,"k":0,"ix":1},"e":{"a":1,"k":[{"i":{"x":[0.77],"y":[1]},"o":{"x":[0.23],"y":[0]},"n":["0p77_1_0p23_0"],"t":18,"s":[0],"e":[100]},{"t":19}],"ix":2},"o":{"a":0,"k":0,"ix":3},"m":1,"ix":2,"nm":"Trim Paths 1","mn":"ADBE Vector Filter - Trim","hd":false}],"ip":0,"op":600,"st":0,"bm":0},{"ddd":0,"ind":15,"ty":4,"nm":"3","sr":1,"ks":{"o":{"a":0,"k":100,"ix":11},"r":{"a":0,"k":180.763,"ix":10},"p":{"a":0,"k":[77.5,386,0],"ix":2},"a":{"a":0,"k":[78,394,0],"ix":1},"s":{"a":0,"k":[100,100,100],"ix":6}},"ao":0,"shapes":[{"ty":"gr","it":[{"ind":0,"ty":"sh","ix":1,"ks":{"a":0,"k":{"i":[[0,0],[0,0]],"o":[[0,0],[0,0]],"v":[[-109.636,82.701],[-112.101,-71.319]],"c":true},"ix":2},"nm":"Path 1","mn":"ADBE Vector Shape - Group","hd":false},{"ty":"st","c":{"a":0,"k":[0.110116337795,0.081739216225,0.085257406796,1],"ix":3},"o":{"a":0,"k":100,"ix":4},"w":{"a":0,"k":3,"ix":5},"lc":1,"lj":1,"ml":10,"nm":"Stroke 1","mn":"ADBE Vector Graphic - Stroke","hd":false},{"ty":"tr","p":{"a":0,"k":[187.622,383.723],"ix":2},"a":{"a":0,"k":[0,0],"ix":1},"s":{"a":0,"k":[100,100],"ix":3},"r":{"a":0,"k":0,"ix":6},"o":{"a":0,"k":100,"ix":7},"sk":{"a":0,"k":0,"ix":4},"sa":{"a":0,"k":0,"ix":5},"nm":"Transform"}],"nm":"Group 1","np":2,"cix":2,"ix":1,"mn":"ADBE Vector Group","hd":false},{"ty":"tm","s":{"a":0,"k":100,"ix":1},"e":{"a":1,"k":[{"i":{"x":[0.77],"y":[1]},"o":{"x":[0.23],"y":[0]},"n":["0p77_1_0p23_0"],"t":17,"s":[100],"e":[0]},{"t":18}],"ix":2},"o":{"a":0,"k":0,"ix":3},"m":1,"ix":2,"nm":"Trim Paths 1","mn":"ADBE Vector Filter - Trim","hd":false}],"ip":0,"op":600,"st":0,"bm":0},{"ddd":0,"ind":16,"ty":4,"nm":"2 Outlines","sr":1,"ks":{"o":{"a":0,"k":100,"ix":11},"r":{"a":0,"k":0,"ix":10},"p":{"a":0,"k":[388,390,0],"ix":2},"a":{"a":0,"k":[388,390,0],"ix":1},"s":{"a":0,"k":[100,100,100],"ix":6}},"ao":0,"shapes":[{"ty":"gr","it":[{"ind":0,"ty":"sh","ix":1,"ks":{"a":0,"k":{"i":[[0,0],[0,0],[0,0]],"o":[[0,0],[0,0],[0,0]],"v":[[-153.48,-68.214],[-66.994,-217.888],[65.149,-294.12]],"c":false},"ix":2},"nm":"Path 1","mn":"ADBE Vector Shape - Group","hd":false},{"ty":"st","c":{"a":0,"k":[0.110116337795,0.081739216225,0.085257406796,1],"ix":3},"o":{"a":0,"k":100,"ix":4},"w":{"a":0,"k":3,"ix":5},"lc":1,"lj":1,"ml":10,"nm":"Stroke 1","mn":"ADBE Vector Graphic - Stroke","hd":false},{"ty":"tr","p":{"a":0,"k":[231.52,382.085],"ix":2},"a":{"a":0,"k":[0,0],"ix":1},"s":{"a":0,"k":[100,100],"ix":3},"r":{"a":0,"k":0,"ix":6},"o":{"a":0,"k":100,"ix":7},"sk":{"a":0,"k":0,"ix":4},"sa":{"a":0,"k":0,"ix":5},"nm":"Transform"}],"nm":"Group 1","np":2,"cix":2,"ix":1,"mn":"ADBE Vector Group","hd":false},{"ty":"tm","s":{"a":0,"k":100,"ix":1},"e":{"a":1,"k":[{"i":{"x":[0.77],"y":[1]},"o":{"x":[0.23],"y":[0]},"n":["0p77_1_0p23_0"],"t":16,"s":[100],"e":[0]},{"t":17}],"ix":2},"o":{"a":0,"k":0,"ix":3},"m":1,"ix":2,"nm":"Trim Paths 1","mn":"ADBE Vector Filter - Trim","hd":false}],"ip":0,"op":600,"st":0,"bm":0},{"ddd":0,"ind":17,"ty":4,"nm":"1 Outlines","sr":1,"ks":{"o":{"a":0,"k":100,"ix":11},"r":{"a":0,"k":0,"ix":10},"p":{"a":0,"k":[388,390,0],"ix":2},"a":{"a":0,"k":[388,390,0],"ix":1},"s":{"a":0,"k":[100,100,100],"ix":6}},"ao":0,"shapes":[{"ty":"gr","it":[{"ind":0,"ty":"sh","ix":1,"ks":{"a":0,"k":{"i":[[0,0],[0,0]],"o":[[0,0],[0,0]],"v":[[-152.684,-70.525],[20.094,-70.266]],"c":false},"ix":2},"nm":"Path 1","mn":"ADBE Vector Shape - Group","hd":false},{"ty":"st","c":{"a":0,"k":[0.110116337795,0.081739216225,0.085257406796,1],"ix":3},"o":{"a":0,"k":100,"ix":4},"w":{"a":0,"k":3,"ix":5},"lc":1,"lj":1,"ml":10,"nm":"Stroke 1","mn":"ADBE Vector Graphic - Stroke","hd":false},{"ty":"tr","p":{"a":0,"k":[449.441,158.294],"ix":2},"a":{"a":0,"k":[0,0],"ix":1},"s":{"a":0,"k":[100,100],"ix":3},"r":{"a":0,"k":0,"ix":6},"o":{"a":0,"k":100,"ix":7},"sk":{"a":0,"k":0,"ix":4},"sa":{"a":0,"k":0,"ix":5},"nm":"Transform"}],"nm":"Group 1","np":2,"cix":2,"ix":1,"mn":"ADBE Vector Group","hd":false},{"ty":"tm","s":{"a":0,"k":100,"ix":1},"e":{"a":1,"k":[{"i":{"x":[0.77],"y":[1]},"o":{"x":[0.23],"y":[0]},"n":["0p77_1_0p23_0"],"t":15,"s":[100],"e":[0]},{"t":16}],"ix":2},"o":{"a":0,"k":0,"ix":3},"m":1,"ix":2,"nm":"Trim Paths 1","mn":"ADBE Vector Filter - Trim","hd":false}],"ip":0,"op":600,"st":0,"bm":0},{"ddd":0,"ind":18,"ty":4,"nm":"Layer 10 Outlines","sr":1,"ks":{"o":{"a":0,"k":100,"ix":11},"r":{"a":0,"k":0,"ix":10},"p":{"a":0,"k":[388,390,0],"ix":2},"a":{"a":0,"k":[388,390,0],"ix":1},"s":{"a":0,"k":[100,100,100],"ix":6}},"ao":0,"shapes":[{"ty":"gr","it":[{"ind":0,"ty":"sh","ix":1,"ks":{"a":0,"k":{"i":[[0,0],[0,0],[0,0],[0,0]],"o":[[0,0],[0,0],[0,0],[0,0]],"v":[[127.246,129.825],[-113.332,127.973],[-127.245,-129.826],[31.857,-26.12]],"c":true},"ix":2},"nm":"Path 1","mn":"ADBE Vector Shape - Group","hd":false},{"ty":"st","c":{"a":0,"k":[0.110116337795,0.081739216225,0.085257406796,1],"ix":3},"o":{"a":0,"k":100,"ix":4},"w":{"a":0,"k":3,"ix":5},"lc":1,"lj":1,"ml":10,"nm":"Stroke 1","mn":"ADBE Vector Graphic - Stroke","hd":false},{"ty":"tr","p":{"a":0,"k":[291.772,294.021],"ix":2},"a":{"a":0,"k":[0,0],"ix":1},"s":{"a":0,"k":[100,100],"ix":3},"r":{"a":0,"k":0,"ix":6},"o":{"a":0,"k":100,"ix":7},"sk":{"a":0,"k":0,"ix":4},"sa":{"a":0,"k":0,"ix":5},"nm":"Transform"}],"nm":"Group 1","np":2,"cix":2,"ix":1,"mn":"ADBE Vector Group","hd":false},{"ty":"tm","s":{"a":0,"k":0,"ix":1},"e":{"a":1,"k":[{"i":{"x":[0.73],"y":[1]},"o":{"x":[0.27],"y":[0]},"n":["0p73_1_0p27_0"],"t":62,"s":[0],"e":[100]},{"t":72}],"ix":2},"o":{"a":0,"k":0,"ix":3},"m":1,"ix":2,"nm":"Trim Paths 1","mn":"ADBE Vector Filter - Trim","hd":false}],"ip":7,"op":607,"st":7,"bm":0},{"ddd":0,"ind":19,"ty":4,"nm":"Layer 11 Outlines","sr":1,"ks":{"o":{"a":0,"k":100,"ix":11},"r":{"a":0,"k":0,"ix":10},"p":{"a":0,"k":[388,390,0],"ix":2},"a":{"a":0,"k":[388,390,0],"ix":1},"s":{"a":0,"k":[100,100,100],"ix":6}},"ao":0,"shapes":[{"ty":"gr","it":[{"ind":0,"ty":"sh","ix":1,"ks":{"a":0,"k":{"i":[[0,0],[0,0],[0,0],[0,0],[0,0],[0,0]],"o":[[4.945,-1.762],[0,0],[0,0],[0,0],[0,0],[0,0]],"v":[[-164.768,151.119],[-33.515,77.018],[78.227,291.448],[164.768,-291.448],[-7.684,-78.852],[-164.768,-129.628]],"c":false},"ix":2},"nm":"Path 1","mn":"ADBE Vector Shape - Group","hd":false},{"ty":"st","c":{"a":0,"k":[0.110116337795,0.081739216225,0.085257406796,1],"ix":3},"o":{"a":0,"k":100,"ix":4},"w":{"a":0,"k":3,"ix":5},"lc":1,"lj":1,"ml":10,"nm":"Stroke 1","mn":"ADBE Vector Graphic - Stroke","hd":false},{"ty":"tr","p":{"a":0,"k":[304.768,379.476],"ix":2},"a":{"a":0,"k":[0,0],"ix":1},"s":{"a":0,"k":[100,100],"ix":3},"r":{"a":0,"k":0,"ix":6},"o":{"a":0,"k":100,"ix":7},"sk":{"a":0,"k":0,"ix":4},"sa":{"a":0,"k":0,"ix":5},"nm":"Transform"}],"nm":"Group 1","np":2,"cix":2,"ix":1,"mn":"ADBE Vector Group","hd":false},{"ty":"tm","s":{"a":0,"k":0,"ix":1},"e":{"a":1,"k":[{"i":{"x":[0.73],"y":[1]},"o":{"x":[0.27],"y":[0]},"n":["0p73_1_0p27_0"],"t":62,"s":[0],"e":[100]},{"t":72}],"ix":2},"o":{"a":0,"k":0,"ix":3},"m":1,"ix":2,"nm":"Trim Paths 1","mn":"ADBE Vector Filter - Trim","hd":false}],"ip":7,"op":607,"st":7,"bm":0},{"ddd":0,"ind":20,"ty":4,"nm":"Layer 12 Outlines","sr":1,"ks":{"o":{"a":0,"k":100,"ix":11},"r":{"a":0,"k":0,"ix":10},"p":{"a":0,"k":[388,390,0],"ix":2},"a":{"a":0,"k":[388,390,0],"ix":1},"s":{"a":0,"k":[100,100,100],"ix":6}},"ao":0,"shapes":[{"ty":"gr","it":[{"ind":0,"ty":"sh","ix":1,"ks":{"a":0,"k":{"i":[[0,0],[0,0]],"o":[[0,0],[0,0]],"v":[[90.86,96.453],[-90.86,-96.453]],"c":false},"ix":2},"nm":"Path 1","mn":"ADBE Vector Shape - Group","hd":false},{"ty":"st","c":{"a":0,"k":[0.110116337795,0.081739216225,0.085257406796,1],"ix":3},"o":{"a":0,"k":100,"ix":4},"w":{"a":0,"k":3,"ix":5},"lc":1,"lj":1,"ml":10,"nm":"Stroke 1","mn":"ADBE Vector Graphic - Stroke","hd":false},{"ty":"tr","p":{"a":0,"k":[510.602,519.867],"ix":2},"a":{"a":0,"k":[0,0],"ix":1},"s":{"a":0,"k":[100,100],"ix":3},"r":{"a":0,"k":0,"ix":6},"o":{"a":0,"k":100,"ix":7},"sk":{"a":0,"k":0,"ix":4},"sa":{"a":0,"k":0,"ix":5},"nm":"Transform"}],"nm":"Group 1","np":2,"cix":2,"ix":1,"mn":"ADBE Vector Group","hd":false},{"ty":"tm","s":{"a":0,"k":0,"ix":1},"e":{"a":1,"k":[{"i":{"x":[0.73],"y":[1]},"o":{"x":[0.27],"y":[0]},"n":["0p73_1_0p27_0"],"t":62,"s":[0],"e":[100]},{"t":72}],"ix":2},"o":{"a":0,"k":0,"ix":3},"m":1,"ix":2,"nm":"Trim Paths 1","mn":"ADBE Vector Filter - Trim","hd":false}],"ip":7,"op":607,"st":7,"bm":0},{"ddd":0,"ind":21,"ty":4,"nm":"Layer 14 Outlines","sr":1,"ks":{"o":{"a":0,"k":100,"ix":11},"r":{"a":0,"k":0,"ix":10},"p":{"a":0,"k":[388,390,0],"ix":2},"a":{"a":0,"k":[388,390,0],"ix":1},"s":{"a":0,"k":[100,100,100],"ix":6}},"ao":0,"shapes":[{"ty":"gr","it":[{"ind":0,"ty":"sh","ix":1,"ks":{"a":0,"k":{"i":[[0,0],[2.006,5.28]],"o":[[0,0],[0,0]],"v":[[-201.035,69.317],[199.03,-69.317]],"c":false},"ix":2},"nm":"Path 1","mn":"ADBE Vector Shape - Group","hd":false},{"ty":"st","c":{"a":0,"k":[0.110116337795,0.081739216225,0.085257406796,1],"ix":3},"o":{"a":0,"k":100,"ix":4},"w":{"a":0,"k":3,"ix":5},"lc":1,"lj":1,"ml":10,"nm":"Stroke 1","mn":"ADBE Vector Graphic - Stroke","hd":false},{"ty":"tr","p":{"a":0,"k":[365.4,546.846],"ix":2},"a":{"a":0,"k":[0,0],"ix":1},"s":{"a":0,"k":[100,100],"ix":3},"r":{"a":0,"k":0,"ix":6},"o":{"a":0,"k":100,"ix":7},"sk":{"a":0,"k":0,"ix":4},"sa":{"a":0,"k":0,"ix":5},"nm":"Transform"}],"nm":"Group 1","np":2,"cix":2,"ix":1,"mn":"ADBE Vector Group","hd":false},{"ty":"tm","s":{"a":0,"k":0,"ix":1},"e":{"a":1,"k":[{"i":{"x":[0.73],"y":[1]},"o":{"x":[0.27],"y":[0]},"n":["0p73_1_0p27_0"],"t":54,"s":[0],"e":[100]},{"t":63}],"ix":2},"o":{"a":0,"k":0,"ix":3},"m":1,"ix":2,"nm":"Trim Paths 1","mn":"ADBE Vector Filter - Trim","hd":false}],"ip":7,"op":607,"st":7,"bm":0},{"ddd":0,"ind":22,"ty":4,"nm":"Layer 16 Outlines","sr":1,"ks":{"o":{"a":0,"k":100,"ix":11},"r":{"a":0,"k":0,"ix":10},"p":{"a":0,"k":[388,390,0],"ix":2},"a":{"a":0,"k":[388,390,0],"ix":1},"s":{"a":0,"k":[100,100,100],"ix":6}},"ao":0,"shapes":[{"ty":"gr","it":[{"ind":0,"ty":"sh","ix":1,"ks":{"a":0,"k":{"i":[[0,0],[0,0],[0,0]],"o":[[0,0],[0,0],[0,0]],"v":[[-117.16,-221.315],[-273.829,221.315],[273.829,152.842]],"c":true},"ix":2},"nm":"Path 1","mn":"ADBE Vector Shape - Group","hd":false},{"ty":"st","c":{"a":0,"k":[0.110116337795,0.081739216225,0.085257406796,1],"ix":3},"o":{"a":0,"k":100,"ix":4},"w":{"a":0,"k":3,"ix":5},"lc":1,"lj":1,"ml":10,"nm":"Stroke 1","mn":"ADBE Vector Graphic - Stroke","hd":false},{"ty":"tr","p":{"a":0,"k":[413.83,309.28],"ix":2},"a":{"a":0,"k":[0,0],"ix":1},"s":{"a":0,"k":[100,100],"ix":3},"r":{"a":0,"k":0,"ix":6},"o":{"a":0,"k":100,"ix":7},"sk":{"a":0,"k":0,"ix":4},"sa":{"a":0,"k":0,"ix":5},"nm":"Transform"}],"nm":"Group 1","np":2,"cix":2,"ix":1,"mn":"ADBE Vector Group","hd":false},{"ty":"tm","s":{"a":0,"k":0,"ix":1},"e":{"a":1,"k":[{"i":{"x":[0.73],"y":[1]},"o":{"x":[0.27],"y":[0]},"n":["0p73_1_0p27_0"],"t":54,"s":[0],"e":[100]},{"t":63}],"ix":2},"o":{"a":0,"k":0,"ix":3},"m":1,"ix":2,"nm":"Trim Paths 1","mn":"ADBE Vector Filter - Trim","hd":false}],"ip":7,"op":607,"st":7,"bm":0},{"ddd":0,"ind":23,"ty":4,"nm":"Layer 19 Outlines","sr":1,"ks":{"o":{"a":0,"k":100,"ix":11},"r":{"a":0,"k":0,"ix":10},"p":{"a":0,"k":[388,390,0],"ix":2},"a":{"a":0,"k":[388,390,0],"ix":1},"s":{"a":0,"k":[100,100,100],"ix":6}},"ao":0,"shapes":[{"ty":"gr","it":[{"ind":0,"ty":"sh","ix":1,"ks":{"a":0,"k":{"i":[[0,0],[0,0],[0,0]],"o":[[0,0],[0,0],[0,0]],"v":[[-30.233,196.819],[-6.694,-196.819],[30.233,117.052]],"c":true},"ix":2},"nm":"Path 1","mn":"ADBE Vector Shape - Group","hd":false},{"ty":"st","c":{"a":0,"k":[0.110116337795,0.081739216225,0.085257406796,1],"ix":3},"o":{"a":0,"k":100,"ix":4},"w":{"a":0,"k":3,"ix":5},"lc":1,"lj":1,"ml":10,"nm":"Stroke 1","mn":"ADBE Vector Graphic - Stroke","hd":false},{"ty":"tr","p":{"a":0,"k":[389.508,306.362],"ix":2},"a":{"a":0,"k":[0,0],"ix":1},"s":{"a":0,"k":[100,100],"ix":3},"r":{"a":0,"k":0,"ix":6},"o":{"a":0,"k":100,"ix":7},"sk":{"a":0,"k":0,"ix":4},"sa":{"a":0,"k":0,"ix":5},"nm":"Transform"}],"nm":"Group 1","np":2,"cix":2,"ix":1,"mn":"ADBE Vector Group","hd":false},{"ty":"tm","s":{"a":0,"k":0,"ix":1},"e":{"a":1,"k":[{"i":{"x":[0.73],"y":[1]},"o":{"x":[0.27],"y":[0]},"n":["0p73_1_0p27_0"],"t":54,"s":[0],"e":[100]},{"t":63}],"ix":2},"o":{"a":0,"k":0,"ix":3},"m":1,"ix":2,"nm":"Trim Paths 1","mn":"ADBE Vector Filter - Trim","hd":false}],"ip":7,"op":607,"st":7,"bm":0},{"ddd":0,"ind":24,"ty":4,"nm":"Layer 20 Outlines","sr":1,"ks":{"o":{"a":0,"k":100,"ix":11},"r":{"a":0,"k":0,"ix":10},"p":{"a":0,"k":[388,390,0],"ix":2},"a":{"a":0,"k":[388,390,0],"ix":1},"s":{"a":0,"k":[100,100,100],"ix":6}},"ao":0,"shapes":[{"ty":"gr","it":[{"ind":0,"ty":"sh","ix":1,"ks":{"a":0,"k":{"i":[[0,0],[0,0]],"o":[[-0.097,0.102],[0,0]],"v":[[113.664,167.158],[-113.665,-167.26]],"c":false},"ix":2},"nm":"Path 1","mn":"ADBE Vector Shape - Group","hd":false},{"ty":"st","c":{"a":0,"k":[0.110116337795,0.081739216225,0.085257406796,1],"ix":3},"o":{"a":0,"k":100,"ix":4},"w":{"a":0,"k":3,"ix":5},"lc":1,"lj":1,"ml":10,"nm":"Stroke 1","mn":"ADBE Vector Graphic - Stroke","hd":false},{"ty":"tr","p":{"a":0,"k":[410.922,468.281],"ix":2},"a":{"a":0,"k":[0,0],"ix":1},"s":{"a":0,"k":[100,100],"ix":3},"r":{"a":0,"k":0,"ix":6},"o":{"a":0,"k":100,"ix":7},"sk":{"a":0,"k":0,"ix":4},"sa":{"a":0,"k":0,"ix":5},"nm":"Transform"}],"nm":"Group 1","np":2,"cix":2,"ix":1,"mn":"ADBE Vector Group","hd":false},{"ty":"tm","s":{"a":0,"k":0,"ix":1},"e":{"a":1,"k":[{"i":{"x":[0.73],"y":[1]},"o":{"x":[0.27],"y":[0]},"n":["0p73_1_0p27_0"],"t":46,"s":[0],"e":[100]},{"t":56}],"ix":2},"o":{"a":0,"k":0,"ix":3},"m":1,"ix":2,"nm":"Trim Paths 1","mn":"ADBE Vector Filter - Trim","hd":false}],"ip":7,"op":607,"st":7,"bm":0},{"ddd":0,"ind":25,"ty":4,"nm":"Layer 21 Outlines","sr":1,"ks":{"o":{"a":0,"k":100,"ix":11},"r":{"a":0,"k":0,"ix":10},"p":{"a":0,"k":[388,390,0],"ix":2},"a":{"a":0,"k":[388,390,0],"ix":1},"s":{"a":0,"k":[100,100,100],"ix":6}},"ao":0,"shapes":[{"ty":"gr","it":[{"ind":0,"ty":"sh","ix":1,"ks":{"a":0,"k":{"i":[[0,0],[0,0]],"o":[[0,0],[0,0]],"v":[[-131.654,-53.319],[131.654,53.319]],"c":false},"ix":2},"nm":"Path 1","mn":"ADBE Vector Shape - Group","hd":false},{"ty":"st","c":{"a":0,"k":[0.110116337795,0.081739216225,0.085257406796,1],"ix":3},"o":{"a":0,"k":100,"ix":4},"w":{"a":0,"k":3,"ix":5},"lc":1,"lj":1,"ml":10,"nm":"Stroke 1","mn":"ADBE Vector Graphic - Stroke","hd":false},{"ty":"tr","p":{"a":0,"k":[231.479,443.474],"ix":2},"a":{"a":0,"k":[0,0],"ix":1},"s":{"a":0,"k":[100,100],"ix":3},"r":{"a":0,"k":0,"ix":6},"o":{"a":0,"k":100,"ix":7},"sk":{"a":0,"k":0,"ix":4},"sa":{"a":0,"k":0,"ix":5},"nm":"Transform"}],"nm":"Group 1","np":2,"cix":2,"ix":1,"mn":"ADBE Vector Group","hd":false},{"ty":"tm","s":{"a":0,"k":0,"ix":1},"e":{"a":1,"k":[{"i":{"x":[0.73],"y":[1]},"o":{"x":[0.27],"y":[0]},"n":["0p73_1_0p27_0"],"t":46,"s":[0],"e":[100]},{"t":56}],"ix":2},"o":{"a":0,"k":0,"ix":3},"m":1,"ix":2,"nm":"Trim Paths 1","mn":"ADBE Vector Filter - Trim","hd":false}],"ip":7,"op":607,"st":7,"bm":0},{"ddd":0,"ind":26,"ty":4,"nm":"Layer 22 Outlines","sr":1,"ks":{"o":{"a":0,"k":100,"ix":11},"r":{"a":0,"k":0,"ix":10},"p":{"a":0,"k":[388,390,0],"ix":2},"a":{"a":0,"k":[388,390,0],"ix":1},"s":{"a":0,"k":[100,100,100],"ix":6}},"ao":0,"shapes":[{"ty":"gr","it":[{"ind":0,"ty":"sh","ix":1,"ks":{"a":0,"k":{"i":[[0,0],[0,0],[0,0],[0,0],[0,0]],"o":[[0,0],[0,0],[0,0],[0,0],[0,0]],"v":[[-192.382,192.477],[-136.449,-141.941],[192.382,-192.94],[157.757,-72.894],[90.88,192.94]],"c":false},"ix":2},"nm":"Path 1","mn":"ADBE Vector Shape - Group","hd":false},{"ty":"st","c":{"a":0,"k":[0.110116337795,0.081739216225,0.085257406796,1],"ix":3},"o":{"a":0,"k":100,"ix":4},"w":{"a":0,"k":3,"ix":5},"lc":1,"lj":1,"ml":10,"nm":"Stroke 1","mn":"ADBE Vector Graphic - Stroke","hd":false},{"ty":"tr","p":{"a":0,"k":[433.707,442.963],"ix":2},"a":{"a":0,"k":[0,0],"ix":1},"s":{"a":0,"k":[100,100],"ix":3},"r":{"a":0,"k":0,"ix":6},"o":{"a":0,"k":100,"ix":7},"sk":{"a":0,"k":0,"ix":4},"sa":{"a":0,"k":0,"ix":5},"nm":"Transform"}],"nm":"Group 1","np":2,"cix":2,"ix":1,"mn":"ADBE Vector Group","hd":false},{"ty":"tm","s":{"a":0,"k":0,"ix":1},"e":{"a":1,"k":[{"i":{"x":[0.73],"y":[1]},"o":{"x":[0.27],"y":[0]},"n":["0p73_1_0p27_0"],"t":46,"s":[0],"e":[100]},{"t":56}],"ix":2},"o":{"a":0,"k":0,"ix":3},"m":1,"ix":2,"nm":"Trim Paths 1","mn":"ADBE Vector Filter - Trim","hd":false}],"ip":7,"op":607,"st":7,"bm":0},{"ddd":0,"ind":27,"ty":4,"nm":"Layer 23 Outlines","sr":1,"ks":{"o":{"a":0,"k":100,"ix":11},"r":{"a":0,"k":0,"ix":10},"p":{"a":0,"k":[388,390,0],"ix":2},"a":{"a":0,"k":[388,390,0],"ix":1},"s":{"a":0,"k":[100,100,100],"ix":6}},"ao":0,"shapes":[{"ty":"gr","it":[{"ind":0,"ty":"sh","ix":1,"ks":{"a":0,"k":{"i":[[0,0],[0,0],[0,0]],"o":[[0,0],[0,0],[0,0]],"v":[[-78.542,27.049],[78.542,77.824],[22.955,-77.824]],"c":true},"ix":2},"nm":"Path 1","mn":"ADBE Vector Shape - Group","hd":false},{"ty":"st","c":{"a":0,"k":[0.110116337795,0.081739216225,0.085257406796,1],"ix":3},"o":{"a":0,"k":100,"ix":4},"w":{"a":0,"k":3,"ix":5},"lc":1,"lj":1,"ml":10,"nm":"Stroke 1","mn":"ADBE Vector Graphic - Stroke","hd":false},{"ty":"tr","p":{"a":0,"k":[218.543,222.799],"ix":2},"a":{"a":0,"k":[0,0],"ix":1},"s":{"a":0,"k":[100,100],"ix":3},"r":{"a":0,"k":0,"ix":6},"o":{"a":0,"k":100,"ix":7},"sk":{"a":0,"k":0,"ix":4},"sa":{"a":0,"k":0,"ix":5},"nm":"Transform"}],"nm":"Group 1","np":2,"cix":2,"ix":1,"mn":"ADBE Vector Group","hd":false},{"ty":"tm","s":{"a":0,"k":0,"ix":1},"e":{"a":1,"k":[{"i":{"x":[0.73],"y":[1]},"o":{"x":[0.27],"y":[0]},"n":["0p73_1_0p27_0"],"t":54,"s":[0],"e":[100]},{"t":64}],"ix":2},"o":{"a":0,"k":0,"ix":3},"m":1,"ix":2,"nm":"Trim Paths 1","mn":"ADBE Vector Filter - Trim","hd":false}],"ip":7,"op":607,"st":7,"bm":0}]}],"layers":[{"ddd":0,"ind":1,"ty":0,"nm":"blockchain 2","refId":"comp_0","sr":1,"ks":{"o":{"a":0,"k":100,"ix":11},"r":{"a":0,"k":0,"ix":10},"p":{"a":0,"k":[960,313,0],"ix":2},"a":{"a":0,"k":[388,390,0],"ix":1},"s":{"a":0,"k":[90,90,100],"ix":6}},"ao":0,"w":776,"h":780,"ip":3,"op":603,"st":3,"bm":0},{"ddd":0,"ind":2,"ty":3,"nm":"Master Position","sr":1,"ks":{"o":{"a":0,"k":0,"ix":11},"r":{"a":0,"k":0,"ix":10},"p":{"a":1,"k":[{"i":{"x":0.667,"y":1},"o":{"x":1,"y":0},"n":"0p667_1_1_0","t":312,"s":[960,375,0],"e":[960,839,0],"to":[0,77.3333358764648,0],"ti":[0,-77.3333358764648,0]},{"t":342}],"ix":2},"a":{"a":0,"k":[0,0,0],"ix":1},"s":{"a":0,"k":[100,100,100],"ix":6}},"ao":0,"ip":0,"op":600,"st":0,"bm":0}]}